"UniqueCellID","SortPheno","Poon_et_al_2022_nat_immunol_Human_Lung_CD4_TRM","Poon_et_al_2022_nat_immunol_Human_Skin_CD4_TRM","Poon_et_al_2022_nat_immunol_Human_jejunum_CD4_TRM","Zhang_2022_Gut_Human_Liver_HBV_infiltrating_CD4","Zheng_2017_Cell_Human_HCC_infiltrating_CD4","Argyriou_2022_Nat_Comm_Human_Synovial_tissues_TPH","Law_et_al_2024_Nature_Human_Synovial_tissues_TPH"
"tetramer_p1_BC49_AACATTCT","tetramer_p1_BC49_AACATTCT","TTneg",-0.163638022338455,0.0359880035173914,0.0654174916293624,0.00833733105071349,-0.0490342981754249,-0.163450255375477,-0.107574276534542
"tetramer_p1_BC33_AACGAGGT","tetramer_p1_BC33_AACGAGGT","TTneg",-0.116647149038588,-0.0189058360084354,0.0289326114376406,0.170797630288098,-0.0248060558114222,0.00522731637279067,-0.0202967551460765
"tetramer_p1_BC47_AAGCACAT","tetramer_p1_BC47_AAGCACAT","TTneg",-0.364955033628813,-0.15954319359105,-0.251358234025932,-0.0513876742373312,-0.108011926220025,-0.295889614947508,-0.0986143808987126
"tetramer_p1_BC24_AAGTGGCT","tetramer_p1_BC24_AAGTGGCT","TTpos",0.15900686089757,0.0359315971615368,0.0903935164005769,0.217095028462177,0.0566009726254569,0.109274794023461,0.0955845514511786
"tetramer_p1_BC41_ACACCGTG","tetramer_p1_BC41_ACACCGTG","TTneg",-0.0292361077278367,0.0317842434030258,0.124838553107876,0.245591431737437,-0.0542288669321829,0.0434079409110446,0.0534561933140024
"tetramer_p1_BC78_ACAGGCAT","tetramer_p1_BC78_ACAGGCAT","TTneg",-0.248529051741732,0.0399993456266285,-0.103592159377032,0.130709581605875,-0.0986198009675384,-0.15801624837368,-0.121304555555762
"tetramer_p1_BC91_ACCGCTAA","tetramer_p1_BC91_ACCGCTAA","TTneg",-0.273971066495185,-0.0206964753759573,-0.223313674024644,0.0224526943367413,-0.106222141480724,-0.400606289044251,-0.135207032633193
"tetramer_p1_BC37_ACCTCAGC","tetramer_p1_BC37_ACCTCAGC","TTneg",-0.19161123293634,-0.0507833908810508,-0.128604293716554,0.173890256457821,0.00926850857272596,-0.138032896736414,-0.0703318827419325
"tetramer_p1_BC71_ACCTGGAG","tetramer_p1_BC71_ACCTGGAG","TTneg",-0.165978117183671,-0.0205809381781213,-0.0168927755107311,0.0788175977621446,-0.0437100562648388,-0.142897266071038,-0.104915972065491
"tetramer_p1_BC12_ACGATAGG","tetramer_p1_BC12_ACGATAGG","TTpos",-0.0127120097104256,-0.0223868435527336,0.0577538652246495,0.121429426034731,-0.0174271973347935,-0.158503588784876,-0.11065937966186
"tetramer_p1_BC44_ACGTATCC","tetramer_p1_BC44_ACGTATCC","TTneg",-0.00345558027744003,0.173509356879343,0.0728735460443628,-0.0309260246782034,-0.0350710124405038,0.0268501304336933,0.0549712181347721
"tetramer_p1_BC94_ACGTTGTA","tetramer_p1_BC94_ACGTTGTA","TTneg",-0.115968785694406,-0.0659618586534658,-0.199709627169169,0.0517956106972511,0.0127294875037043,-0.271370112177202,0.0430610628221441
"tetramer_p1_BC66_ACTAGCGA","tetramer_p1_BC66_ACTAGCGA","TTneg",-0.301048181555725,-0.00643070387239592,0.0512380375320699,0.0934104143137471,-0.0560471091951367,-0.188330870130414,-0.0629628776011416
"tetramer_p1_BC17_AGAGATCT","tetramer_p1_BC17_AGAGATCT","TTneg",-0.0911326303506992,0.156884306830943,-0.00859420673991806,0.18714569249604,-0.0677541872262359,-0.154108344339453,0.108721015344538
"tetramer_p1_BC34_AGCCACCA","tetramer_p1_BC34_AGCCACCA","TTneg",0.0553043843578316,0.0770118667620705,-0.0924983198518023,0.188746270911991,-0.0423100603866735,0.0674528078402495,-0.00865254244310909
"tetramer_p1_BC29_AGCTCCTT","tetramer_p1_BC29_AGCTCCTT","TTneg",-0.0430194171256875,0.0172239213065047,-0.0503897563274398,0.0111891003355647,-0.170686888371105,-0.272958820921365,-0.242912567480268
"tetramer_p1_BC64_AGGACTTA","tetramer_p1_BC64_AGGACTTA","TTneg",-0.175876497433422,0.0731180697029745,-0.0113187721953855,0.0910663857762731,-0.128022446599979,-0.0857477037180171,0.0225105809343096
"tetramer_p1_BC76_AGGTAAAG","tetramer_p1_BC76_AGGTAAAG","TTneg",-0.284090755889771,-0.0182099245114666,-0.0573099881764725,0.00293242521335657,-0.0168232759991037,-0.191137955454291,0.118224833617947
"tetramer_p1_BC46_AGTTGTGT","tetramer_p1_BC46_AGTTGTGT","TTneg",-0.141962060747865,-0.114164472089831,0.0179295836463583,0.120800783203328,-0.105823340340299,-0.0628005470025887,-0.0344477544281035
"tetramer_p1_BC6_ATACAGAC","tetramer_p1_BC6_ATACAGAC","TTpos",-0.132355218870844,-0.127385218658214,-0.178135590324058,0.000809098064678437,-0.101051566553445,-0.147460762084857,-0.161097834878753
"tetramer_p1_BC87_ATATTCCC","tetramer_p1_BC87_ATATTCCC","TTneg",-0.192690342969198,0.149392378314533,-0.126279262148295,-0.0627320998176705,-0.129124720603875,-0.102784290839163,-0.120719736539672
"tetramer_p1_BC58_ATGCGACG","tetramer_p1_BC58_ATGCGACG","TTneg",-0.26054993593466,-0.100310633652016,0.0250933964693519,-0.166027741530987,-0.146162436590656,-0.0721130409945381,-0.0113673261540514
"tetramer_p1_BC73_ATTCCTAG","tetramer_p1_BC73_ATTCCTAG","TTneg",-0.293915265771298,0.154931537037079,-0.134315015496359,-0.112228623285402,-0.0725439875799893,-0.093765867291884,0.00127995769504474
"tetramer_p1_BC83_ATTGGAGC","tetramer_p1_BC83_ATTGGAGC","TTneg",0.364483334201093,0.213887672041418,0.0179947347467244,0.197206434113895,0.0192497226375781,0.0965559719025758,0.167004477188203
"tetramer_p1_BC5_ATTTAGCG","tetramer_p1_BC5_ATTTAGCG","TTpos",-0.0301999446379912,0.0152075935295338,0.133064183537904,0.0347396176316627,0.0358858149314871,0.040897338857339,0.287774553724328
"tetramer_p1_BC19_CACACTGA","tetramer_p1_BC19_CACACTGA","TTneg",-0.23585366791172,-0.112346270254177,0.158918642544252,0.253936418885223,0.0669626178477722,-0.276763433585307,-0.118856771472614
"tetramer_p1_BC90_CACTTATC","tetramer_p1_BC90_CACTTATC","TTneg",-0.186687539146272,-0.0833091110161724,-0.232025100234633,-0.0955434268754791,-0.0204275635332636,-0.0834202444447153,0.071313344715808
"tetramer_p1_BC84_CATAGTCG","tetramer_p1_BC84_CATAGTCG","TTneg",0.117487125709139,0.151951200955779,0.264117783794603,0.205751515162727,0.0508082627780027,-0.235988192818929,-0.079670182338104
"tetramer_p1_BC72_CATGGGTT","tetramer_p1_BC72_CATGGGTT","TTneg",-0.397277681750019,-0.106475683382165,-0.180079780181374,-0.0520488005552022,-0.105018366482847,-0.233010882322141,-0.120598400963281
"tetramer_p1_BC36_CCAGTCCA","tetramer_p1_BC36_CCAGTCCA","TTneg",-0.0307599281896832,0.0313516309014127,0.00849548910663636,0.025303571273688,-0.0805283226153292,-0.166142464237908,-0.0702476573865123
"tetramer_p1_BC69_CCGAGTAC","tetramer_p1_BC69_CCGAGTAC","TTneg",-0.231642323723319,-0.148066287200082,-0.0842699036503493,-0.179300516812499,-0.123368121422641,-0.317906207600845,-0.10142428913889
"tetramer_p1_BC65_CCGCTCAG","tetramer_p1_BC65_CCGCTCAG","TTneg",-0.163327041580364,-0.103998004995325,0.0118563963207277,0.0111571931229302,-0.00705833653200146,-0.194193845601114,-0.0493953829919625
"tetramer_p1_BC39_CCGGCGTC","tetramer_p1_BC39_CCGGCGTC","TTneg",-0.356362004043682,0.0429077101842765,-0.154180773037935,0.00681468747003355,-0.0557387116690675,-0.320597077623709,-0.29735298149536
"tetramer_p1_BC82_CGCTTGCT","tetramer_p1_BC82_CGCTTGCT","TTneg",-0.0768442169169515,0.0716167815186061,-0.00632930947377053,0.0930557791891409,0.0396561492604336,-0.236078954148485,-0.223618382948191
"tetramer_p1_BC68_CGGAAGTG","tetramer_p1_BC68_CGGAAGTG","TTneg",-0.129587204134877,0.0424418108951004,0.0127376633419449,0.207618193195421,0.0268531062723799,-0.126022802087464,-0.176800978669997
"tetramer_p1_BC60_CGGGTGAA","tetramer_p1_BC60_CGGGTGAA","TTneg",-0.226508027238673,-0.0219001069671038,0.0693604716085019,0.0557611893054545,0.0182005814435073,-0.241940354236339,-0.122338882229992
"tetramer_p1_BC48_CTGTCATT","tetramer_p1_BC48_CTGTCATT","TTneg",-0.315672589323555,-0.101901603469351,-0.0637279216826516,0.0337364954035358,-0.0921134016879741,-0.273304663153612,-0.182728579903365
"tetramer_p1_BC16_CTTTGACA","tetramer_p1_BC16_CTTTGACA","TTneg",-0.166318796688738,0.135423318530001,-0.0263052936952256,-0.0855011984496318,-0.139641234768761,-0.261607512243949,-0.129362453330451
"tetramer_p1_BC54_GAAGACTT","tetramer_p1_BC54_GAAGACTT","TTneg",-0.152856573022787,0.0560191086707284,0.0630349319895249,0.393436737632184,0.235629236985337,-0.0792041699990263,-0.0298819639763429
"tetramer_p1_BC15_GAATGAGT","tetramer_p1_BC15_GAATGAGT","TTneg",-0.319474102908553,-0.243468606888565,-0.272818182321013,-0.085915017149216,-0.0629852300313811,-0.211651801024613,-0.145694269450114
"tetramer_p1_BC59_GAGGGTAG","tetramer_p1_BC59_GAGGGTAG","TTneg",-0.317143468979842,-0.0515395109505264,-0.0673443779867877,-0.153566147786527,-0.13365588235007,-0.365332258594244,-0.137149876388294
"tetramer_p1_BC18_GAGTCCTG","tetramer_p1_BC18_GAGTCCTG","TTneg",-0.0325037060648006,-0.150041831175189,-0.0800990214296678,0.0367825521621073,-0.0957179995056853,-0.288287251765449,-0.233722786333129
"tetramer_p1_BC70_GATCTGAG","tetramer_p1_BC70_GATCTGAG","TTneg",-0.22815989865488,-0.100302957173348,-0.00706669924264491,0.100006238824932,-0.0169982309261266,-0.222236642809654,-0.0864847337278185
"tetramer_p1_BC13_GATGTCGA","tetramer_p1_BC13_GATGTCGA","TTneg",-0.342601867631258,-0.136741521299793,-0.127760434339192,-0.0821344012608635,-0.130222898803492,-0.277386098552553,-0.283648433624306
"tetramer_p1_BC3_GCACGTCA","tetramer_p1_BC3_GCACGTCA","TTpos",0.166570581013231,-0.0102301280588486,-0.152514810087956,0.36244250007098,0.0666933011416441,0.230182962914793,0.366450889890474
"tetramer_p1_BC96_GCATTTGG","tetramer_p1_BC96_GCATTTGG","TTneg",0.257900379800611,0.00771225647062745,-0.0841544964422742,0.170568878985888,0.0424153051803517,-0.0771577472149345,0.174612295595543
"tetramer_p1_BC61_GCCATCTT","tetramer_p1_BC61_GCCATCTT","TTneg",-0.0203081741092228,0.160359917486366,-0.219360791369384,0.0958229296016784,-0.116669684519618,-0.26190151250819,-0.0779580915972647
"tetramer_p1_BC21_GGACCTTT","tetramer_p1_BC21_GGACCTTT","TTneg",0.0464705141780593,-0.191571389686366,-0.115574202768358,0.222901957849533,-0.0187045251859432,-0.0117841141673788,-0.0167181002648312
"tetramer_p1_BC43_GGATTGAC","tetramer_p1_BC43_GGATTGAC","TTneg",-0.0614734701539265,-0.0135361642884968,-0.0791639835304409,0.105729510191211,-0.0723853742263142,-0.191884280912819,-0.277993560663449
"tetramer_p1_BC86_GGGACAAC","tetramer_p1_BC86_GGGACAAC","TTneg",-0.230748856337579,-0.234323218651771,-0.0411967816854731,-0.0650540521797823,-0.0771005631487924,-0.142756189576885,-0.171760685537399
"tetramer_p1_BC51_GGGATTGT","tetramer_p1_BC51_GGGATTGT","TTneg",-0.302721596395071,-0.14718740990978,-0.203462990832521,-0.087113800243051,-0.0509745790411861,-0.382617749897729,-0.177824134917507
"tetramer_p1_BC38_GGTGGACT","tetramer_p1_BC38_GGTGGACT","TTneg",-0.153558375696878,0.101081013104533,-0.120345285456413,0.175555400404484,-0.0410308883585127,-0.0834900025496395,0.134839892453528
"tetramer_p1_BC67_GTAACTCC","tetramer_p1_BC67_GTAACTCC","TTneg",-0.172059839334359,-0.098803998563311,-0.101714156930212,0.255871213334764,-0.0747764230826545,0.0123188752229388,0.143958827273399
"tetramer_p1_BC42_GTAGAACG","tetramer_p1_BC42_GTAGAACG","TTneg",-0.0074230763220387,0.00823864783532713,0.0188357064686717,0.0220989647577745,-0.10230886387384,-0.284116631139219,-0.192069669056131
"tetramer_p1_BC28_GTCATTAG","tetramer_p1_BC28_GTCATTAG","TTneg",0.0441798855148134,-0.0749244453302025,-0.00514924135261424,0.149055907144328,-0.0862074255288129,-0.266622110696403,0.049827256946648
"tetramer_p1_BC95_GTCTGCCG","tetramer_p1_BC95_GTCTGCCG","TTneg",-0.177935001569037,0.0819636216063139,-0.0799651257740874,0.065207838881555,-0.00332881052015355,-0.137348379697213,0.0217461168460002
"tetramer_p1_BC27_GTGCATGA","tetramer_p1_BC27_GTGCATGA","TTneg",0.188873292828755,0.0930101243738769,0.10332260857961,-0.0870966466534089,-0.115770597118688,-0.155138549701191,-0.0230776907243108
"tetramer_p1_BC57_GTGTTAGC","tetramer_p1_BC57_GTGTTAGC","TTneg",-0.117365918781631,-0.00346718936079962,-0.0838348951427366,0.134411104125067,0.0541823064880395,-0.183886983427181,0.122570502422115
"tetramer_p1_BC20_GTTACAGG","tetramer_p1_BC20_GTTACAGG","TTneg",0.0178689145908495,0.131755562443687,-0.107338111157551,0.307376196948865,0.00550510920321326,-0.120960729511148,0.0720337729563616
"tetramer_p1_BC31_GTTGCCAC","tetramer_p1_BC31_GTTGCCAC","TTneg",-0.043300961270564,0.105706412906834,0.0770714726894465,0.361928527599507,0.0376465985551132,-0.139218798173444,-0.122359770899735
"tetramer_p1_BC40_TAACTCCG","tetramer_p1_BC40_TAACTCCG","TTneg",-0.0978702417681626,0.00666194299019363,-0.0935095535914663,0.0351461279774684,-0.0782668213107806,-0.0664040809856673,-0.0786134136979328
"tetramer_p1_BC92_TAAGGTCC","tetramer_p1_BC92_TAAGGTCC","TTneg",-0.107850999099396,0.0144133202741801,-0.000324889023085861,0.0773341210348777,-0.0340234599332332,-0.184714130028397,-0.0753068740706592
"tetramer_p1_BC89_TACGCCTC","tetramer_p1_BC89_TACGCCTC","TTneg",-0.25626319666881,-0.135369526104213,-0.050563276106473,0.137465514239079,-0.159550810856085,-0.224838114772462,-0.147577847269048
"tetramer_p1_BC11_TACTGGTA","tetramer_p1_BC11_TACTGGTA","TTpos",-0.393554528280479,-0.153895948141281,-0.184276688928991,0.0294587250036963,-0.0640192242554092,-0.294024212475059,-0.0135160851500717
"tetramer_p1_BC22_TAGACTAT","tetramer_p1_BC22_TAGACTAT","TTneg",-0.183746026567211,-0.098234552690015,-0.106852954035699,0.193990657634504,-0.00133584653317009,-0.272087735668836,-0.185342352031726
"tetramer_p1_BC77_TAGGCGCG","tetramer_p1_BC77_TAGGCGCG","TTneg",-0.0991345405378199,0.148571099747527,-0.113361081410764,-0.0162234537986694,-0.136579855835723,-0.21914461615556,-0.256387254529998
"tetramer_p1_BC35_TAGTGAAC","tetramer_p1_BC35_TAGTGAAC","TTneg",-0.325408977911704,0.160061219707541,-0.0353123529040588,0.105874412286892,-0.0678613710143683,-0.177497712546282,-0.192105019539329
"tetramer_p1_BC30_TCACCCGA","tetramer_p1_BC30_TCACCCGA","TTneg",-0.117297805785977,0.0109849680189026,0.0587876917499371,-0.0196892311811244,-0.101276783795764,0.0209287845872861,0.164450476890778
"tetramer_p1_BC75_TCCACACT","tetramer_p1_BC75_TCCACACT","TTneg",-0.379303594561174,0.00451041618905418,-0.116607051406709,0.0828459283384382,-0.0400227498064511,-0.336557895825335,-0.162859465209158
"tetramer_p1_BC74_TCGAACCG","tetramer_p1_BC74_TCGAACCG","TTneg",0.0424209364055624,0.0543754122759304,0.131855780825891,0.149110337640296,0.00427595714242454,-0.196223229829633,-0.219146749224331
"tetramer_p1_BC56_TCGCTACA","tetramer_p1_BC56_TCGCTACA","TTneg",-0.294878898211551,-0.0612244272154801,-0.103062656770305,0.169481967786331,-0.0995344000550992,-0.0872313908363904,0.113220093034373
"tetramer_p1_BC63_TCTATGGT","tetramer_p1_BC63_TCTATGGT","TTneg",-0.0536914659935624,0.0982899840461648,0.0434394893377879,0.27977213165474,-0.0840594128572729,-0.127261139096903,0.0300667310504428
"tetramer_p1_BC10_TCTCACAC","tetramer_p1_BC10_TCTCACAC","TTpos",0.191618318976305,0.063387162563926,-0.176493667147228,0.317592706447313,0.106818524677278,0.331692272674831,0.266746196365926
"tetramer_p1_BC55_TCTGGGCA","tetramer_p1_BC55_TCTGGGCA","TTneg",-0.170727847706981,-0.0400384715041355,-0.0518282459471521,-0.0325306227131893,-0.059209913947558,-0.0626338901041248,-0.0275784206910354
"tetramer_p1_BC9_TGAATACC","tetramer_p1_BC9_TGAATACC","TTpos",-0.190307235516276,-0.147005710509241,-0.19361630479316,0.0556679420131724,-0.0855119757378743,-0.207098324498723,-0.0661749241446281
"tetramer_p1_BC80_TGAGCATA","tetramer_p1_BC80_TGAGCATA","TTneg",-0.247963025425888,-0.201822939981665,-0.121052929265941,0.0834039951701395,-0.041823323551699,-0.328519671760691,-0.0380696375247997
"tetramer_p1_BC52_TGATGTAG","tetramer_p1_BC52_TGATGTAG","TTneg",-0.229472680586738,-0.145890423941781,-0.152735581051642,-0.18452006458087,-0.109572663211174,-0.372525729023132,-0.152347653682341
"tetramer_p1_BC62_TGCGACAT","tetramer_p1_BC62_TGCGACAT","TTneg",-0.180790065777113,-0.114541975122844,-0.0961315142926684,0.107820288963531,-0.0327663273510108,-0.174488278472674,-0.0434930408760431
"tetramer_p1_BC7_TGCGTAGG","tetramer_p1_BC7_TGCGTAGG","TTpos",0.245990740349149,0.135812451815542,-0.0141219200000263,0.193220943846669,0.0975626616071224,0.120207200011953,0.0225384140044154
"tetramer_p1_BC25_TGCTCTCA","tetramer_p1_BC25_TGCTCTCA","TTneg",0.0725062922819787,0.0808412123552092,-0.0370244294213162,0.281568057204853,-0.0732756846264524,0.0119398366577882,-0.0602324655382822
"tetramer_p1_BC88_TGTTAAGC","tetramer_p1_BC88_TGTTAAGC","TTneg",-0.133630397240857,-0.0746991864196498,-0.0898801692669053,0.221268343118161,-0.0132590026979159,-0.011751818594015,-0.0424977921988588
"tetramer_p1_BC81_TTAGACGC","tetramer_p1_BC81_TTAGACGC","TTneg",-0.0707630625377355,0.0434198307299379,0.0520094982599344,-0.000920559110067554,-0.110912398616422,-0.206492603937394,-0.131397498506989
"tetramer_p1_BC79_TTTGTGTC","tetramer_p1_BC79_TTTGTGTC","TTneg",-0.165308125926971,-0.0246021402742111,0.0671570579115481,0.0822767652288122,-0.0980336850594295,-0.30201973828141,-0.219447607330658
"tetramer_p2_BC33_AACGAGGT","tetramer_p2_BC33_AACGAGGT","TTneg",0.0411335004440924,0.173785825276522,-0.0507247984831831,0.553302632235193,0.199326600449433,0.106581397558317,0.236761906835243
"tetramer_p2_BC24_AAGTGGCT","tetramer_p2_BC24_AAGTGGCT","TTneg",0.0821004556694033,0.0742599803066691,-0.0122774990790955,0.122065221999706,-0.0752213785226302,0.0339676491540908,0.0502475153505211
"tetramer_p2_BC91_ACCGCTAA","tetramer_p2_BC91_ACCGCTAA","TTneg",0.0780959242118962,0.194561011441044,0.0980851799592339,0.187926112082023,-0.00975580981654214,-0.190280164307154,-0.164941990473503
"tetramer_p2_BC37_ACCTCAGC","tetramer_p2_BC37_ACCTCAGC","TTneg",-0.112636654488462,-0.155091484528439,0.150266018192739,0.111312523056785,-0.148378632366603,-0.417779505438329,-0.114385379705865
"tetramer_p2_BC71_ACCTGGAG","tetramer_p2_BC71_ACCTGGAG","TTneg",-0.0735049035988298,0.128888340214858,0.145066673465115,0.214595201853698,-0.0153623061370081,-0.387034277511238,-0.103888690611781
"tetramer_p2_BC94_ACGTTGTA","tetramer_p2_BC94_ACGTTGTA","TTneg",-0.138370208753837,-0.06482652931518,0.200861747832936,0.159554918858441,-0.0370541714183851,-0.222396531461555,-0.0559895429488811
"tetramer_p2_BC23_ACTGTTTG","tetramer_p2_BC23_ACTGTTTG","TTneg",-0.166964595123732,-0.0495937157907756,0.0330294770348407,0.0653121143914778,-0.0327604105911067,-0.182524719882725,-0.179254969476109
"tetramer_p2_BC34_AGCCACCA","tetramer_p2_BC34_AGCCACCA","TTneg",-0.00233509053728154,-0.0100335598918304,-0.0201775465452796,0.304939139998819,-0.0516924469731516,-0.1631779991935,-0.0817254867438218
"tetramer_p2_BC64_AGGACTTA","tetramer_p2_BC64_AGGACTTA","TTneg",0.140081361057387,0.175256818331727,0.0494197087166834,0.109199544962765,0.0075446774790307,-0.118252386767509,-0.0923398636325469
"tetramer_p2_BC76_AGGTAAAG","tetramer_p2_BC76_AGGTAAAG","TTneg",-0.14911428794614,-0.11258633781643,0.042625796950464,0.12678671600295,-0.081946343589799,-0.121654597887347,-0.0971614014608457
"tetramer_p2_BC46_AGTTGTGT","tetramer_p2_BC46_AGTTGTGT","TTneg",0.289664097991079,-0.0303042394530411,0.34394882523607,0.457028568245094,0.10039078967152,0.0801079745598426,0.136301401183121
"tetramer_p2_BC6_ATACAGAC","tetramer_p2_BC6_ATACAGAC","TTpos",-0.0435478087157355,0.158958152233447,0.0762905740556515,0.587562148801093,0.0155631835126222,0.297706265865656,0.186759039672588
"tetramer_p2_BC58_ATGCGACG","tetramer_p2_BC58_ATGCGACG","TTneg",0.179590029727388,0.0366188488822476,0.190376902577632,0.0595016650942425,-0.00458261451321126,-0.152061060201849,-0.122272702363481
"tetramer_p2_BC83_ATTGGAGC","tetramer_p2_BC83_ATTGGAGC","TTneg",0.0916271814359159,0.0714229958237941,0.470743700148284,0.172785602202429,-0.0486572325355318,-0.205841832969433,-0.132397075885895
"tetramer_p2_BC5_ATTTAGCG","tetramer_p2_BC5_ATTTAGCG","TTpos",0.342762059879826,0.138322967828712,0.209234936147268,0.610433137956603,0.123187901386963,0.148557972361685,0.11539610058411
"tetramer_p2_BC19_CACACTGA","tetramer_p2_BC19_CACACTGA","TTneg",0.321406231499543,0.0661501108569518,0.470190578016424,0.43544332355683,0.140629692417173,0.0598618094357825,-0.0472380978724182
"tetramer_p2_BC90_CACTTATC","tetramer_p2_BC90_CACTTATC","TTneg",0.0209008449675054,0.141585270791423,0.295115196429794,0.0834060255513912,-0.0246283535976624,-0.223013635724169,0.0536897965521209
"tetramer_p2_BC84_CATAGTCG","tetramer_p2_BC84_CATAGTCG","TTneg",-0.0928099726029783,-0.0543027570153504,-0.10235379629283,-0.0653587735909332,-0.071808188344814,-0.367467485940396,-0.316665886789045
"tetramer_p2_BC36_CCAGTCCA","tetramer_p2_BC36_CCAGTCCA","TTneg",-0.274227178773686,-0.0906814566730296,-0.189537389629432,0.0822240744324712,-0.0373007624783011,-0.423590388957044,-0.247205553808335
"tetramer_p2_BC69_CCGAGTAC","tetramer_p2_BC69_CCGAGTAC","TTneg",-0.111389658898046,-0.154360954006025,0.0327226059666902,0.0680723838321107,-0.16043066851694,-0.264233408208254,-0.291037847744131
"tetramer_p2_BC39_CCGGCGTC","tetramer_p2_BC39_CCGGCGTC","TTneg",-0.0231434679269045,-0.00942538106707491,0.0504565870185089,0.290014607625475,0.0524080957536166,0.0455003626492899,0.105211434714009
"tetramer_p2_BC82_CGCTTGCT","tetramer_p2_BC82_CGCTTGCT","TTneg",0.0976851142289115,-0.071063315843871,0.290069773455329,0.595090115169166,-0.076448118641126,-0.0600336087540472,-0.0258823683155836
"tetramer_p2_BC68_CGGAAGTG","tetramer_p2_BC68_CGGAAGTG","TTneg",-0.0566722033993829,0.171473657293578,0.318653037660043,0.227538954179883,-0.0676581425598415,-0.20372725053683,-0.163946256238886
"tetramer_p2_BC60_CGGGTGAA","tetramer_p2_BC60_CGGGTGAA","TTneg",0.0373982770544533,0.0486223804696415,0.0264963084287694,-0.0198570265773241,-0.0458530471499587,-0.2628011353804,-0.00778866326594196
"tetramer_p2_BC32_CTAATGCG","tetramer_p2_BC32_CTAATGCG","TTneg",0.208833393628293,0.244156715860675,0.168589857930095,0.600150528711764,0.123503531466441,0.0257977096916362,0.0924512351783199
"tetramer_p2_BC48_CTGTCATT","tetramer_p2_BC48_CTGTCATT","TTneg",-0.0305711448997549,0.0139027537686397,0.0370473034209182,0.123452864106926,0.0533773052380896,-0.106475230726233,-0.0588978500434247
"tetramer_p2_BC54_GAAGACTT","tetramer_p2_BC54_GAAGACTT","TTneg",-0.060862883506907,-0.155186557080447,-0.0916770347041238,0.224287845217718,0.120185281230577,-0.132365234710248,0.110187602224992
"tetramer_p2_BC15_GAATGAGT","tetramer_p2_BC15_GAATGAGT","TTneg",0.210195628924591,0.0769359027867167,0.306993486344588,0.236313551416411,0.0694159790979563,-0.0462517825226217,-0.0233309239674506
"tetramer_p2_BC59_GAGGGTAG","tetramer_p2_BC59_GAGGGTAG","TTneg",-0.265522277817942,0.00211923637747657,0.146309806001414,0.24114426233052,-0.00327960986917247,-0.204555838993486,-0.243092106156945
"tetramer_p2_BC18_GAGTCCTG","tetramer_p2_BC18_GAGTCCTG","TTneg",0.238114429288947,-0.0912685964532627,0.442004487897527,0.413974606133517,-0.0220277500445266,-0.0270683679476275,-0.15310830810654
"tetramer_p2_BC13_GATGTCGA","tetramer_p2_BC13_GATGTCGA","TTneg",-0.298510961817475,-0.0548445682868502,-0.136056349549,0.135799855150056,-0.0542055866467193,-0.359094232096308,-0.0457949774843678
"tetramer_p2_BC3_GCACGTCA","tetramer_p2_BC3_GCACGTCA","TTpos",0.17801942165228,0.0640902325026489,0.167145377858714,0.158814113202382,0.183124373677853,0.1118512387434,0.0588811347310969
"tetramer_p2_BC96_GCATTTGG","tetramer_p2_BC96_GCATTTGG","TTneg",-0.155042647692913,0.0167142839052145,0.141404303141815,0.119613351646808,-0.142546257886942,-0.370688464638672,-0.283392071383076
"tetramer_p2_BC61_GCCATCTT","tetramer_p2_BC61_GCCATCTT","TTneg",0.184716572609092,0.15448981625329,0.0217924338954777,0.297329095099921,-0.0160587667814111,-0.100021235634709,-0.0796588583030006
"tetramer_p2_BC21_GGACCTTT","tetramer_p2_BC21_GGACCTTT","TTneg",-0.0246523123349449,-0.0161856952067062,-0.0930402815045122,0.327490918804957,-0.159981470803845,-0.124229145325597,-0.144363664955311
"tetramer_p2_BC43_GGATTGAC","tetramer_p2_BC43_GGATTGAC","TTneg",0.226845721547608,0.0249718951446811,0.179589282810464,0.318279585919206,-0.0939682573544203,-0.18481598258984,-0.0417551753164875
"tetramer_p2_BC86_GGGACAAC","tetramer_p2_BC86_GGGACAAC","TTneg",-0.0665333467907775,0.032185486372873,0.0860386341973824,0.260181218303329,-0.0111096433034734,-0.169045443688738,-0.0364184905477385
"tetramer_p2_BC51_GGGATTGT","tetramer_p2_BC51_GGGATTGT","TTneg",-0.180726929688906,0.1283408427021,-0.169434952308563,0.0485047087326454,0.0834817614247807,-0.11549156451709,-0.201579294880019
"tetramer_p2_BC38_GGTGGACT","tetramer_p2_BC38_GGTGGACT","TTneg",0.00296726167115113,-0.031200241569405,0.243033915498558,0.295251899816357,0.097667432599721,-0.195076376251154,-0.148154933823734
"tetramer_p2_BC42_GTAGAACG","tetramer_p2_BC42_GTAGAACG","TTneg",0.139121256299386,0.101578951652215,0.186451271572822,0.266965596551095,-0.171607094894102,-0.299791859733044,-0.19029860312569
"tetramer_p2_BC95_GTCTGCCG","tetramer_p2_BC95_GTCTGCCG","TTneg",0.152052981539164,0.105112831249386,0.394022210573048,0.281064017010878,-0.0345840319429988,-0.15194655887088,0.0481189677981451
"tetramer_p2_BC57_GTGTTAGC","tetramer_p2_BC57_GTGTTAGC","TTneg",-0.0771354269153705,0.000747811900450146,-0.0672424672123562,0.177406997625701,-0.0275743735648248,-0.206419724993605,-0.165082829222067
"tetramer_p2_BC20_GTTACAGG","tetramer_p2_BC20_GTTACAGG","TTneg",-0.34470073773962,-0.183536108502797,-0.112801726369451,0.100864000270809,-0.0868456587079965,-0.279389974334369,-0.294680504061024
"tetramer_p2_BC40_TAACTCCG","tetramer_p2_BC40_TAACTCCG","TTneg",0.103678404566157,0.240931637985467,0.236709156901137,0.406898823684544,-0.00290790646245967,0.0124082202930386,0.0677316309762734
"tetramer_p2_BC92_TAAGGTCC","tetramer_p2_BC92_TAAGGTCC","TTneg",0.036616294927006,0.0978358353112712,0.00776102818656893,0.000180376397642734,-0.0700921008893475,-0.285179021887288,-0.267713425689574
"tetramer_p2_BC89_TACGCCTC","tetramer_p2_BC89_TACGCCTC","TTneg",-0.00421222012797295,0.0313345907857622,0.0328165550512891,0.127951632156683,-0.08199053446155,-0.164149838176384,-0.15795415639983
"tetramer_p2_BC22_TAGACTAT","tetramer_p2_BC22_TAGACTAT","TTneg",0.236263525161539,0.110216736050697,-0.0163637748904289,0.271601273125238,0.0473869866639074,0.0137149734596747,0.0110611216228327
"tetramer_p2_BC30_TCACCCGA","tetramer_p2_BC30_TCACCCGA","TTneg",-0.223598081967836,-0.00991644582997231,0.0575929422167789,0.143855757608134,-0.113029441072703,-0.247175897297486,-0.137263875838473
"tetramer_p2_BC75_TCCACACT","tetramer_p2_BC75_TCCACACT","TTneg",-0.0782073987529844,0.0173040250001543,-0.205326594751517,0.0677324255449874,-0.129491764572686,-0.0155009499603472,0.0345664542730568
"tetramer_p2_BC74_TCGAACCG","tetramer_p2_BC74_TCGAACCG","TTneg",0.180055836885447,0.0811846750736368,0.538671203231299,0.261380568634643,0.0956101581462453,0.103176361957442,0.0392358443785326
"tetramer_p2_BC63_TCTATGGT","tetramer_p2_BC63_TCTATGGT","TTneg",-0.0202203901245512,-0.0984542619252178,0.258956966352617,0.263397416392854,-0.0975990672234972,-0.143404058802576,-0.109065082026613
"tetramer_p2_BC55_TCTGGGCA","tetramer_p2_BC55_TCTGGGCA","TTneg",-0.0397210206106329,0.0643616168402552,-0.0854263968993933,-0.0740111460948385,-0.111524773058822,-0.0917336424185017,0.0400307745319566
"tetramer_p2_BC80_TGAGCATA","tetramer_p2_BC80_TGAGCATA","TTneg",0.28741972161573,0.049290562038375,0.405353782448472,0.177064871801438,-0.0456677433724304,-0.261249731903146,-0.26223956591699
"tetramer_p2_BC52_TGATGTAG","tetramer_p2_BC52_TGATGTAG","TTneg",-0.321564489431339,-0.120449947885044,0.0563882574085214,0.2234205645078,-0.128754919727203,-0.176116693364062,-0.0839536985738971
"tetramer_p2_BC62_TGCGACAT","tetramer_p2_BC62_TGCGACAT","TTneg",-0.173477847999472,-0.0602196827656989,0.0260263429355241,-0.0187786360189061,-0.0316892623872605,-0.413505829990223,-0.158736660863298
"tetramer_p2_BC7_TGCGTAGG","tetramer_p2_BC7_TGCGTAGG","TTpos",0.191448420886267,0.221916694751006,0.343761480878199,0.475175897412631,0.00640697303603135,-0.0695996305508076,0.0302690645990158
"tetramer_p2_BC25_TGCTCTCA","tetramer_p2_BC25_TGCTCTCA","TTneg",-0.148561996414537,-0.00259974917428779,0.0782037570065221,0.237067982283629,-0.0555140640758561,-0.214862549002079,-0.120815588682876
"tetramer_p2_BC88_TGTTAAGC","tetramer_p2_BC88_TGTTAAGC","TTneg",-0.00955185890058896,-0.0117330573327475,0.271821056575265,0.135660942746138,0.0201629577865229,-0.308718921347349,-0.138138293144486
"tetramer_p2_BC14_TTACGGGT","tetramer_p2_BC14_TTACGGGT","TTneg",-0.0245274289544779,0.0353940033797752,0.0169502786484503,0.377191909936527,0.0612895415584102,-0.147339374893886,-0.234430194463173
"tetramer_p2_BC81_TTAGACGC","tetramer_p2_BC81_TTAGACGC","TTneg",0.185747874914922,0.353939378137626,0.667592294700083,0.245722840184324,-0.0770282107811722,-0.250822086744628,-0.196799226908646
"tetramer_p2_BC53_TTCGCTGT","tetramer_p2_BC53_TTCGCTGT","TTneg",0.146195422612384,0.0689830691377959,0.106681740615996,0.18978120855807,-0.125310958024203,-0.0168584097448923,0.0855153128209544
"tetramer_p2_BC79_TTTGTGTC","tetramer_p2_BC79_TTTGTGTC","TTneg",-0.0549632781372762,0.0729121475904666,-0.0014118949384595,0.250918789558611,-0.0374122915374521,-0.221829738491444,-0.132350508285933
"tetramer_p3_BC49_AACATTCT","tetramer_p3_BC49_AACATTCT","TTneg",-0.0418031028046205,-0.0895507713299623,0.0805673360586313,0.26302694213817,0.00050784438868956,-0.142404552817063,-0.0209032006121754
"tetramer_p3_BC33_AACGAGGT","tetramer_p3_BC33_AACGAGGT","TTneg",0.12713033018117,0.367321112790333,0.40431109199228,0.298548777385977,0.0338206265345486,-0.226682133193609,-0.0102088680946405
"tetramer_p3_BC47_AAGCACAT","tetramer_p3_BC47_AAGCACAT","TTneg",0.260817964068679,0.108722627385502,0.159381997638993,0.254369715195966,-0.0901762552643778,-0.0452062191043305,-0.0635821184833761
"tetramer_p3_BC24_AAGTGGCT","tetramer_p3_BC24_AAGTGGCT","TTneg",-0.0857753304559433,0.0511571022551586,0.0408316456116646,0.00746168276866888,-0.0657304528868412,-0.386441539763985,-0.205083441453441
"tetramer_p3_BC41_ACACCGTG","tetramer_p3_BC41_ACACCGTG","TTneg",0.216806013178046,0.169367448897858,0.248523936608096,0.1276021702029,0.0662107347559621,-0.274219540982393,0.0965662965687527
"tetramer_p3_BC78_ACAGGCAT","tetramer_p3_BC78_ACAGGCAT","TTneg",0.0456706079665703,0.077641901270405,0.506502210873092,0.00713887820626236,-0.0944728281642157,-0.248595599864938,-0.270682590254484
"tetramer_p3_BC91_ACCGCTAA","tetramer_p3_BC91_ACCGCTAA","TTneg",-0.0492901668292036,0.0618288729065987,-0.0212261995968012,0.174810255971693,-0.0823964561244639,-0.158354553944431,-0.151448837775171
"tetramer_p3_BC37_ACCTCAGC","tetramer_p3_BC37_ACCTCAGC","TTneg",0.0395630424856311,-0.0173335217467634,0.131266509282727,-0.0399856115722785,0.0217997955950031,-0.216624695858413,-0.168159611483057
"tetramer_p3_BC71_ACCTGGAG","tetramer_p3_BC71_ACCTGGAG","TTneg",-0.141661653410706,-0.00551475743275609,0.2088173305786,0.180569050876194,-0.0291353949320347,-0.221756975202289,-0.169800140023306
"tetramer_p3_BC94_ACGTTGTA","tetramer_p3_BC94_ACGTTGTA","TTneg",-0.00611874945171453,0.060468326567773,-0.0405288388876404,0.202717598786243,0.162021638403241,-0.249826491321101,-0.0956957511975881
"tetramer_p3_BC66_ACTAGCGA","tetramer_p3_BC66_ACTAGCGA","TTneg",0.109810101046912,0.226547076910996,0.0986705579083772,0.146901833298261,-0.0872974052657838,-0.118055963401831,-0.112626667081995
"tetramer_p3_BC23_ACTGTTTG","tetramer_p3_BC23_ACTGTTTG","TTneg",0.0916121002348843,-0.0627293764238972,-0.0453997943758169,0.168578856039804,-0.0511514317508067,-0.286985698127301,-0.0981349546257111
"tetramer_p3_BC2_AGACTCGT","tetramer_p3_BC2_AGACTCGT","TTpos",-0.0774475129956999,-0.235093309723802,0.133736814210881,0.428322074049509,0.212223912611128,-0.0338660836738259,0.191405216802249
"tetramer_p3_BC17_AGAGATCT","tetramer_p3_BC17_AGAGATCT","TTneg",0.144114461133202,-0.0186382039681509,0.0309949177778123,0.335029934893213,0.120951369997735,0.12318467451876,0.1936649670287
"tetramer_p3_BC34_AGCCACCA","tetramer_p3_BC34_AGCCACCA","TTneg",-0.187713725923723,0.023679607804493,-0.120936525433691,-0.0738778431902325,-0.102973997985828,-0.171023113290357,-0.144952265262697
"tetramer_p3_BC29_AGCTCCTT","tetramer_p3_BC29_AGCTCCTT","TTneg",-0.0344712846793672,-0.0425982900619442,0.100477765117708,0.00724018280276173,-0.0571981953009782,-0.374301103874399,-0.329573578642711
"tetramer_p3_BC64_AGGACTTA","tetramer_p3_BC64_AGGACTTA","TTneg",0.0489477206634348,0.0024492306366557,0.050129525510993,0.0536668325223704,0.0609543977435985,-0.207622069076634,-0.0502290439942342
"tetramer_p3_BC76_AGGTAAAG","tetramer_p3_BC76_AGGTAAAG","TTneg",0.00816544577388456,0.232562945900555,0.0690880188243661,0.209293831587859,0.0545895317247859,-0.287187763351009,-0.140784832433513
"tetramer_p3_BC46_AGTTGTGT","tetramer_p3_BC46_AGTTGTGT","TTneg",0.119246978692191,0.113654691245611,0.0345117781722155,0.112639808484325,-0.0503605949384292,-0.11439795182497,0.000725567032803243
"tetramer_p3_BC6_ATACAGAC","tetramer_p3_BC6_ATACAGAC","TTpos",0.279724340683344,-0.0741975900144538,0.146239017090016,0.600358916827928,0.199218062378894,0.0748358443318832,0.26255803640913
"tetramer_p3_BC58_ATGCGACG","tetramer_p3_BC58_ATGCGACG","TTneg",-0.215236167029668,-0.146268747926344,0.0046782624083469,0.052138301981656,-0.0862910908824792,-0.315561666405264,-0.303760485003283
"tetramer_p3_BC73_ATTCCTAG","tetramer_p3_BC73_ATTCCTAG","TTneg",-0.143439979258956,0.207657991957986,0.245212828845081,0.243383069451494,-0.15481582650255,-0.198458297196599,-0.125401087060717
"tetramer_p3_BC83_ATTGGAGC","tetramer_p3_BC83_ATTGGAGC","TTneg",-0.115781255783577,-0.132115350699893,-0.141341913586169,-0.00333354383442636,-0.0367785499561563,-0.0639367113752169,-0.198351169634012
"tetramer_p3_BC5_ATTTAGCG","tetramer_p3_BC5_ATTTAGCG","TTpos",0.12803783386086,0.145793678490755,-0.0343169744829698,0.361229265560026,0.314880526493801,0.106563167852855,0.371694071261462
"tetramer_p3_BC19_CACACTGA","tetramer_p3_BC19_CACACTGA","TTneg",-0.0633753714319134,-0.107139928248535,-0.019928546201212,0.0195908778505071,-0.0127792186130327,-0.351367031075448,-0.141838144834798
"tetramer_p3_BC90_CACTTATC","tetramer_p3_BC90_CACTTATC","TTneg",0.33282933067916,0.102855473225388,0.226995052085653,0.24136370079684,0.0678049238376911,0.200930549458877,0.301905577599225
"tetramer_p3_BC84_CATAGTCG","tetramer_p3_BC84_CATAGTCG","TTneg",0.15407279133174,0.279678696311507,0.180012645852395,0.302899915646996,0.0283565381224856,-0.254830178238287,-0.0632821056185158
"tetramer_p3_BC72_CATGGGTT","tetramer_p3_BC72_CATGGGTT","TTneg",-0.210447326933504,0.0515102184568854,-0.121406281273587,0.164900596725837,-0.145584294860193,-0.0901708422175147,-0.0264736055510344
"tetramer_p3_BC36_CCAGTCCA","tetramer_p3_BC36_CCAGTCCA","TTneg",-0.00243949148069444,-0.0838702741560393,0.0423471301685734,0.236158458724424,-0.0356681473814905,0.00716458284964938,0.00573609511866574
"tetramer_p3_BC69_CCGAGTAC","tetramer_p3_BC69_CCGAGTAC","TTneg",0.0696836138485625,-0.132406907438528,0.0849066797192355,0.0658748286092693,0.0250416940967726,-0.0904500651172645,-0.00205318815867556
"tetramer_p3_BC65_CCGCTCAG","tetramer_p3_BC65_CCGCTCAG","TTneg",0.0765150444914983,-0.101748717415826,0.167287031608599,0.174351386265956,0.150415366691462,0.0203221151414289,0.313493040017118
"tetramer_p3_BC82_CGCTTGCT","tetramer_p3_BC82_CGCTTGCT","TTneg",0.123765682162194,0.112310631494706,0.0411834466131321,0.245758502281887,-0.0802552795927046,0.0256825037442383,0.00257636470620592
"tetramer_p3_BC68_CGGAAGTG","tetramer_p3_BC68_CGGAAGTG","TTneg",-0.00263043853904787,0.00851283587648427,0.0384559461882854,0.366823166524638,0.037579900870363,0.032967883352002,0.0908170258888573
"tetramer_p3_BC26_CGGCGTGG","tetramer_p3_BC26_CGGCGTGG","TTneg",-0.237110042377364,-0.0681068940457474,-0.248451423024262,0.0399245598610876,-0.0365764344864271,-0.150874693273783,-0.197268977515073
"tetramer_p3_BC60_CGGGTGAA","tetramer_p3_BC60_CGGGTGAA","TTneg",-0.212507554059964,-0.130597076046756,0.0421870477317236,0.147182849921018,0.0297129092349453,-0.235825331014742,-0.0415892057749813
"tetramer_p3_BC1_CGTCTAAT","tetramer_p3_BC1_CGTCTAAT","TTpos",-0.0799678373045389,0.0614918697541703,-0.0971758958748548,0.179083537220383,0.184277831593534,-0.222772804879197,0.0402651247136957
"tetramer_p3_BC32_CTAATGCG","tetramer_p3_BC32_CTAATGCG","TTneg",0.0339040207045029,-0.132393551176475,-0.00463045985892402,0.336859329754137,0.268389699854386,0.0961230087894884,0.186777395919884
"tetramer_p3_BC48_CTGTCATT","tetramer_p3_BC48_CTGTCATT","TTneg",0.127792911438233,0.168558905280788,0.251089881337181,0.178378671622168,0.141295445585825,-0.0321862685269972,0.00418612270201024
"tetramer_p3_BC16_CTTTGACA","tetramer_p3_BC16_CTTTGACA","TTneg",-0.113934031303014,-0.0332355786435258,0.0395085176608829,0.0275307646056026,-0.00759965216583486,-0.0835199176615084,-0.012711378488259
"tetramer_p3_BC93_GAAAGGTG","tetramer_p3_BC93_GAAAGGTG","TTneg",-0.0578391044347788,-0.108142544741054,0.130398133138897,0.236911675537582,-0.0882733923077472,-0.407940270595767,-0.286588424132554
"tetramer_p3_BC54_GAAGACTT","tetramer_p3_BC54_GAAGACTT","TTneg",-0.277851122924915,-0.153335621723554,-0.141630388817564,-0.0591387466685237,0.0418824238277169,-0.254275742617719,-0.283400977324917
"tetramer_p3_BC15_GAATGAGT","tetramer_p3_BC15_GAATGAGT","TTneg",-0.0608591785684924,0.140150549198314,0.0491598414299464,0.430993762243032,0.0714043302692809,-0.163796930426461,-0.135313838024197
"tetramer_p3_BC59_GAGGGTAG","tetramer_p3_BC59_GAGGGTAG","TTneg",0.227772536431062,0.0988718197207673,0.282860875425767,0.546127404433269,0.0735434420793243,-0.015286133585371,0.0634131090791229
"tetramer_p3_BC18_GAGTCCTG","tetramer_p3_BC18_GAGTCCTG","TTneg",-0.0155846839162217,0.0288185545682535,-0.0228047922974079,0.104329406378165,0.014788112685469,-0.288901968977992,-0.359268008574297
"tetramer_p3_BC70_GATCTGAG","tetramer_p3_BC70_GATCTGAG","TTneg",-0.134510196711735,0.0798213063156497,0.126267371991153,0.0677514814701073,-0.0251972778355788,-0.21151273106955,-0.170521590678672
"tetramer_p3_BC13_GATGTCGA","tetramer_p3_BC13_GATGTCGA","TTneg",-0.125088334814009,0.107903150456195,0.0584250778059772,0.489452448257422,-0.0702266503536509,-0.00657658598252436,-0.0817045052031892
"tetramer_p3_BC3_GCACGTCA","tetramer_p3_BC3_GCACGTCA","TTpos",0.025395414050321,0.0777330562934219,-0.15483683283965,0.144338262961311,0.0168109962032476,-0.131016780405955,0.0265505222383206
"tetramer_p3_BC96_GCATTTGG","tetramer_p3_BC96_GCATTTGG","TTneg",-0.145407158259081,-0.045358924748031,-0.132478182265939,0.0829534150140481,-0.0948418507545278,-0.382988520898363,-0.170560104371339
"tetramer_p3_BC61_GCCATCTT","tetramer_p3_BC61_GCCATCTT","TTneg",0.0114924950971371,-0.000863588490577771,0.194486775234191,0.330880384176487,0.0602569522764329,-0.241187725268725,-0.0886444450324763
"tetramer_p3_BC43_GGATTGAC","tetramer_p3_BC43_GGATTGAC","TTneg",-0.0375494037177382,-0.0246837372987069,0.123046537689052,0.085195912610084,-0.058423512611057,-0.129130233338773,0.00712262674081765
"tetramer_p3_BC86_GGGACAAC","tetramer_p3_BC86_GGGACAAC","TTneg",0.101173994538999,0.178279175686732,0.00754232421925383,0.0173005654048246,-0.0443660140877474,-0.354868460735934,-0.166995694758887
"tetramer_p3_BC51_GGGATTGT","tetramer_p3_BC51_GGGATTGT","TTneg",-0.0549449592298457,0.149030521115342,-0.153219698456051,0.189846473789946,-0.00389077524742296,-0.116907426770863,0.0716277670636791
"tetramer_p3_BC38_GGTGGACT","tetramer_p3_BC38_GGTGGACT","TTneg",-0.0464222676083855,-0.00327739757810441,-0.16725789357526,0.263104938073063,0.0404183881753616,-0.141533250846885,-0.129266677163694
"tetramer_p3_BC67_GTAACTCC","tetramer_p3_BC67_GTAACTCC","TTneg",-0.0904834361905437,-0.196454452003904,0.0549414921132323,0.322382420350519,-0.0977232796720302,-0.220961748632999,-0.0871869379469936
"tetramer_p3_BC42_GTAGAACG","tetramer_p3_BC42_GTAGAACG","TTneg",-0.381444563508613,-0.0296286550951405,0.103896168326119,0.218595550695432,-0.144388546637481,-0.205125345712602,-0.0119266470098414
"tetramer_p3_BC28_GTCATTAG","tetramer_p3_BC28_GTCATTAG","TTneg",0.0773462739124677,0.186651935873682,-0.090016808436564,0.0629175128470745,0.182932763236518,-0.265531151691578,-0.0306440351612463
"tetramer_p3_BC95_GTCTGCCG","tetramer_p3_BC95_GTCTGCCG","TTneg",0.282647676626237,0.250127008594221,0.333004198616704,0.333759143058439,-0.0983261126487775,-0.0620677885750708,-0.00476614718866625
"tetramer_p3_BC57_GTGTTAGC","tetramer_p3_BC57_GTGTTAGC","TTneg",-0.0779945306579617,-0.0541232915527108,0.218979491411796,-0.00990996063861671,-0.0374409613863676,-0.276203852912553,-0.113925465841684
"tetramer_p3_BC20_GTTACAGG","tetramer_p3_BC20_GTTACAGG","TTneg",-0.0958542266427049,-0.0269084925704351,0.0730030367522841,0.14324024348502,-0.0344641642823241,-0.23673726389319,-0.137513530288121
"tetramer_p3_BC31_GTTGCCAC","tetramer_p3_BC31_GTTGCCAC","TTneg",-0.040101089637518,-0.0448900243349035,0.268379789301738,0.176628034665175,-0.0418454110493696,-0.0700745708646368,-0.0670035258982744
"tetramer_p3_BC40_TAACTCCG","tetramer_p3_BC40_TAACTCCG","TTneg",-0.164765819261245,-0.0191866223673389,-0.0413140767256653,-0.0572123039178457,-0.05003231209807,-0.0736348020570748,-0.0538637026058253
"tetramer_p3_BC92_TAAGGTCC","tetramer_p3_BC92_TAAGGTCC","TTneg",0.0125218426299422,-0.0345565247888738,0.056088519859943,0.243744949343279,-0.0133510655240791,-0.114617325199596,0.00392559422028843
"tetramer_p3_BC89_TACGCCTC","tetramer_p3_BC89_TACGCCTC","TTneg",0.115334326178836,0.0527053836509775,0.198748785587582,0.221874537733318,0.137777059094998,-0.0270126862626048,-0.0625788327900142
"tetramer_p3_BC22_TAGACTAT","tetramer_p3_BC22_TAGACTAT","TTneg",0.0471560536183938,0.0580551551672859,0.194659016292949,0.302485923691559,0.129873203466658,-0.0271145606481341,0.238599574887473
"tetramer_p3_BC77_TAGGCGCG","tetramer_p3_BC77_TAGGCGCG","TTneg",-0.167616615743955,0.26745381290956,-0.026092656754466,0.217962561574978,-0.0396759319927929,-0.256967093522902,-0.17839812351942
"tetramer_p3_BC35_TAGTGAAC","tetramer_p3_BC35_TAGTGAAC","TTneg",0.00541675081239412,0.0740512554101149,0.0864654437753544,0.0157773544143212,-0.129609945348154,-0.157697391012182,-0.0586282475756265
"tetramer_p3_BC4_TCAACGAC","tetramer_p3_BC4_TCAACGAC","TTpos",0.121768680159062,0.0713290075150567,-0.0366589613256373,0.237828987595897,0.0909606046581932,0.0230977897119142,0.0345761079223609
"tetramer_p3_BC30_TCACCCGA","tetramer_p3_BC30_TCACCCGA","TTneg",0.0702500902912208,-0.0457041634591702,0.26100902311031,0.0386904183384938,-0.0470429337554196,-0.0510095876212886,-0.00288802446280659
"tetramer_p3_BC75_TCCACACT","tetramer_p3_BC75_TCCACACT","TTneg",0.266175726450532,0.0571674238639832,0.121846259055057,0.194588580684386,0.177827633240872,0.00234329501247033,0.112188279168429
"tetramer_p3_BC74_TCGAACCG","tetramer_p3_BC74_TCGAACCG","TTneg",-0.0341207456441441,0.218680090604772,0.166403592017832,-0.0665792074608446,-0.0564456924200742,-0.157132107244464,-0.0223370240417085
"tetramer_p3_BC56_TCGCTACA","tetramer_p3_BC56_TCGCTACA","TTneg",-0.329679110941287,-0.0120090308820094,0.0525905147480066,0.134017299775101,-0.101851479446033,-0.0167592968058332,-0.0586851133099237
"tetramer_p3_BC63_TCTATGGT","tetramer_p3_BC63_TCTATGGT","TTneg",0.284038140049322,0.121113597202864,0.320500148366631,0.548607348850227,0.147826025029232,0.0401042898753762,0.217047780853802
"tetramer_p3_BC55_TCTGGGCA","tetramer_p3_BC55_TCTGGGCA","TTneg",0.00710611452720905,0.0459786930408082,-0.0650612459520518,0.0622141723122344,0.0167516060344773,-0.0531897243565033,0.00203282385239806
"tetramer_p3_BC9_TGAATACC","tetramer_p3_BC9_TGAATACC","TTpos",0.219020324356944,0.230382795620539,0.478616559007127,0.577186521007501,0.141588546765758,-0.109948762253189,0.25830482856502
"tetramer_p3_BC80_TGAGCATA","tetramer_p3_BC80_TGAGCATA","TTneg",0.0706799757793894,0.143416425803705,-0.0443793523926439,0.116398653006914,0.0966664030880969,-0.10299422063339,0.116389534931438
"tetramer_p3_BC52_TGATGTAG","tetramer_p3_BC52_TGATGTAG","TTneg",-0.0425709174286018,0.0200496252080523,0.1482376431179,0.249732701679885,0.189171626498889,-0.109306667618654,0.0420345305183887
"tetramer_p3_BC62_TGCGACAT","tetramer_p3_BC62_TGCGACAT","TTneg",0.0530718046316594,-0.0264598897810077,-0.0895068041897932,0.138676773720736,-0.0500846061544142,-0.168950960449788,-0.0484238064104581
"tetramer_p3_BC25_TGCTCTCA","tetramer_p3_BC25_TGCTCTCA","TTneg",-0.027194608228063,0.0486401287687773,-0.0333435421606345,0.00707883377223167,-0.0737636700409655,-0.147536027109192,-0.0416469762690789
"tetramer_p3_BC8_TGGAGCTC","tetramer_p3_BC8_TGGAGCTC","TTpos",0.0793268896418747,0.0833305522192626,-0.00526683173100334,0.54613748125287,0.383889463437655,0.00790195417345496,0.0159476206852873
"tetramer_p3_BC88_TGTTAAGC","tetramer_p3_BC88_TGTTAAGC","TTneg",0.109584425948039,0.0186905505576381,0.195420528201409,0.107234559359896,-0.0654055950571855,-0.141368045149066,-0.0577290318979183
"tetramer_p3_BC14_TTACGGGT","tetramer_p3_BC14_TTACGGGT","TTneg",-0.0694759572981699,-0.086778961577944,-0.0826514737877774,0.0848300841943693,0.0188258800229309,-0.0336398678719826,-0.100738846913488
"tetramer_p3_BC81_TTAGACGC","tetramer_p3_BC81_TTAGACGC","TTneg",-0.0704444515989258,0.0313721255549104,0.134098199990171,0.13055653264068,0.0364013834884869,-0.259084515208331,-0.0647773988780147
"tetramer_p3_BC53_TTCGCTGT","tetramer_p3_BC53_TTCGCTGT","TTneg",-0.00942275378712276,0.125527570604858,0.0446983267004419,0.0632027406983123,0.0123524374701743,-0.191330161611977,-0.259532340887829
"tetramer_p3_BC45_TTCGGAAA","tetramer_p3_BC45_TTCGGAAA","TTneg",-0.221735982541614,-0.0664449679979289,-0.162225084945183,0.0333032697639339,0.0201651739848793,-0.383380320276534,-0.219375780136243
"tetramer_p3_BC79_TTTGTGTC","tetramer_p3_BC79_TTTGTGTC","TTneg",-0.352152876389331,0.0292468425330948,-0.193954638230636,0.0887080601260827,-0.132806698298247,-0.395618758199106,-0.189804988136708
"tetramer_p7_BC49_AACATTCT","tetramer_p7_BC49_AACATTCT","TTneg",-0.0936496822772236,-0.153045043777788,-0.0485061936437369,-0.0497089452262458,-0.18814984465532,-0.366730184745617,-0.341594017077854
"tetramer_p7_BC33_AACGAGGT","tetramer_p7_BC33_AACGAGGT","TTneg",-0.0561408800069237,-0.00917178019218851,0.0102103133412452,0.199899167260028,-0.0357056125318403,-0.054457976918212,-0.123097254728484
"tetramer_p7_BC47_AAGCACAT","tetramer_p7_BC47_AAGCACAT","TTneg",-0.305714049696646,0.00749465656274412,-0.00586370195486918,0.147794658695768,0.0124959042779846,-0.222538332985639,-0.0673052356176805
"tetramer_p7_BC24_AAGTGGCT","tetramer_p7_BC24_AAGTGGCT","TTpos",-0.127267310289187,-0.0970476530027339,-0.0697670764878275,0.205587161896057,0.00462586277097082,-0.141958595087933,-0.220751248898437
"tetramer_p7_BC41_ACACCGTG","tetramer_p7_BC41_ACACCGTG","TTneg",-0.0524758639174872,-0.0223390794760493,-0.0701614227675722,0.143629840855083,-0.0704217163575059,0.0203546741121249,0.0674643688457964
"tetramer_p7_BC78_ACAGGCAT","tetramer_p7_BC78_ACAGGCAT","TTneg",0.0205137947131201,-0.104567691773002,0.0622615161695077,0.395779754816066,-0.118184036867658,0.0236511699718496,-0.143249113528483
"tetramer_p7_BC91_ACCGCTAA","tetramer_p7_BC91_ACCGCTAA","TTneg",0.160660244373627,-0.0276147197140619,0.0477680099547328,0.234984821782618,-0.0500312766853451,0.222465260197237,0.00811177339488822
"tetramer_p7_BC37_ACCTCAGC","tetramer_p7_BC37_ACCTCAGC","TTneg",-0.0544298997212638,-0.259873154232766,-0.0562911939675548,0.263871762598291,-0.148918905560713,0.0305855822589784,0.192345421069058
"tetramer_p7_BC71_ACCTGGAG","tetramer_p7_BC71_ACCTGGAG","TTneg",-0.149358663455935,-0.221273970223614,-0.0942172565871477,-0.0493150861321084,-0.0239180899660615,-0.211205127719821,-0.144174243736792
"tetramer_p7_BC12_ACGATAGG","tetramer_p7_BC12_ACGATAGG","TTpos",-0.376510697164414,-0.102638925952428,-0.0539204595505491,0.0688617975417227,-0.200189967090249,-0.24709698855563,-0.201371972965778
"tetramer_p7_BC44_ACGTATCC","tetramer_p7_BC44_ACGTATCC","TTneg",-0.132893795341225,-0.0938952538199016,-0.0132774412958155,0.0554681270641876,-0.100497340504787,-0.0992524054540022,-0.148510377545529
"tetramer_p7_BC94_ACGTTGTA","tetramer_p7_BC94_ACGTTGTA","TTneg",-0.145189937775889,-0.152697876657196,-0.0648002755720044,0.188584188566685,0.042978705226639,-0.130127811822384,-0.0142995556455455
"tetramer_p7_BC66_ACTAGCGA","tetramer_p7_BC66_ACTAGCGA","TTneg",0.0680304139701247,0.11031383949765,-0.135790497683624,0.322966007703964,-0.121201131256157,0.199827572276507,0.0456035840247934
"tetramer_p7_BC34_AGCCACCA","tetramer_p7_BC34_AGCCACCA","TTneg",-0.048076647437186,-0.0217921492363512,-0.156798461676188,0.178658453188218,-0.0496599340485767,-0.00945438894036027,-0.0187716202411893
"tetramer_p7_BC29_AGCTCCTT","tetramer_p7_BC29_AGCTCCTT","TTneg",0.0753728212610431,-0.0596410134349284,0.209160209879264,0.233837348001036,-0.0233800868296301,-0.093864328559076,-0.0280159182126557
"tetramer_p7_BC64_AGGACTTA","tetramer_p7_BC64_AGGACTTA","TTneg",0.212645959260719,-0.0157013585810859,0.0625246971192004,0.255562290351476,-0.0680403539991402,0.112380861646884,0.120415646969694
"tetramer_p7_BC76_AGGTAAAG","tetramer_p7_BC76_AGGTAAAG","TTneg",-0.0877213870526897,-0.182576411194214,-0.239840007357353,0.0310428268924574,-0.0611410043705418,-0.186574585895767,-0.062171144105144
"tetramer_p7_BC46_AGTTGTGT","tetramer_p7_BC46_AGTTGTGT","TTneg",-0.0594960451978426,-0.249174140471109,0.00933193551223643,0.202284395847898,-0.0360107492780176,-0.328965284332067,-0.154793442360813
"tetramer_p7_BC6_ATACAGAC","tetramer_p7_BC6_ATACAGAC","TTpos",-0.0601246902315053,-0.0547044449186418,0.040524682607184,0.328634824197624,0.0353442882924526,-0.0941610668865809,-0.0371632338625746
"tetramer_p7_BC87_ATATTCCC","tetramer_p7_BC87_ATATTCCC","TTneg",0.306405909565257,0.0864844293691823,0.13680085656983,0.452521604389085,0.0453600591550744,0.139958065927679,0.0215142724777367
"tetramer_p7_BC58_ATGCGACG","tetramer_p7_BC58_ATGCGACG","TTneg",0.0590958534098585,-0.0699009598058724,-0.0228357063546644,0.39459210442341,-0.14973046505744,0.176441235057814,0.0920758092555704
"tetramer_p7_BC73_ATTCCTAG","tetramer_p7_BC73_ATTCCTAG","TTneg",0.108283799651837,-0.00986208676671652,-0.149196203440887,0.116614592853451,-0.0917117948752958,0.00415270855103078,-0.0311814716136622
"tetramer_p7_BC83_ATTGGAGC","tetramer_p7_BC83_ATTGGAGC","TTneg",-0.307968968812217,-0.102793338274339,0.0679546497485382,0.0939801551898455,-0.131688319305054,-0.143594279025805,-0.216041432240527
"tetramer_p7_BC5_ATTTAGCG","tetramer_p7_BC5_ATTTAGCG","TTpos",0.00990865774167438,-0.040713990522895,0.24749270847205,0.441527669002022,-0.0240748513297017,0.0013775371892687,-0.0770056065512176
"tetramer_p7_BC90_CACTTATC","tetramer_p7_BC90_CACTTATC","TTneg",-0.123042348915765,-0.177235243273768,-0.0411339608108908,0.0636787341873644,-0.209135481146708,-0.0718900086790981,-0.132038072303359
"tetramer_p7_BC84_CATAGTCG","tetramer_p7_BC84_CATAGTCG","TTneg",-0.209713300159222,-0.0948464505727134,-0.00927184451102919,0.159626976144356,-0.0877807344719592,-0.0990410375480835,-0.0947569417442184
"tetramer_p7_BC72_CATGGGTT","tetramer_p7_BC72_CATGGGTT","TTneg",-0.245738579322466,-0.0682153552843255,0.0556122837420104,0.0333832240319998,-0.10925521807968,-0.213594307502228,-0.23580737516327
"tetramer_p7_BC36_CCAGTCCA","tetramer_p7_BC36_CCAGTCCA","TTneg",-0.0280133776023064,0.114000810759251,-0.0398095804811761,0.0732555483348002,-0.0864691504837294,-0.364800661403154,-0.154106427790231
"tetramer_p7_BC69_CCGAGTAC","tetramer_p7_BC69_CCGAGTAC","TTneg",0.246469611824297,0.101638027636256,0.0130714433290647,0.318235722898617,-0.0172250070665044,0.0315489925465445,0.120496232866687
"tetramer_p7_BC65_CCGCTCAG","tetramer_p7_BC65_CCGCTCAG","TTneg",-0.288629144820286,-0.300067894908954,-0.0756648780527737,-0.0808033962134426,-0.0905916930796288,-0.152617683040535,-0.0583658762515414
"tetramer_p7_BC39_CCGGCGTC","tetramer_p7_BC39_CCGGCGTC","TTneg",-0.0369620381270271,-0.0915859669627709,-0.149912764666471,0.0784197230562129,-0.0631131788036451,-0.182713779812143,-0.133532815837471
"tetramer_p7_BC82_CGCTTGCT","tetramer_p7_BC82_CGCTTGCT","TTneg",0.241620895240028,-0.0613559701950393,0.249612616853327,0.257260033231413,-0.0868187543086145,-0.141482832404282,0.0973137533752882
"tetramer_p7_BC68_CGGAAGTG","tetramer_p7_BC68_CGGAAGTG","TTneg",0.237331391154248,-0.065234795864563,-0.0112993132186454,0.263871295999076,-0.152650123997534,0.200624444599057,-0.0466438747358668
"tetramer_p7_BC26_CGGCGTGG","tetramer_p7_BC26_CGGCGTGG","TTneg",-0.170922855502628,-0.0244169783120307,0.137829770078064,0.323048041277638,-0.0313081371782801,-0.0733601858316508,-0.0203732963278832
"tetramer_p7_BC60_CGGGTGAA","tetramer_p7_BC60_CGGGTGAA","TTneg",0.158310495879839,-0.054812005204634,0.225335514555461,0.36908561683275,-0.0692502584516378,0.220504523097355,0.257780994603814
"tetramer_p7_BC32_CTAATGCG","tetramer_p7_BC32_CTAATGCG","TTneg",0.0582296857218118,-0.126513582142074,0.126736664496368,0.0447931183495087,-0.147940313002874,-0.157445115292844,-0.0650009487164558
"tetramer_p7_BC50_CTACGCTG","tetramer_p7_BC50_CTACGCTG","TTneg",0.0366725970661713,-0.0419201840336077,0.198715822851607,0.449208090953561,-0.0748740702010415,-0.143727709645419,-0.142272372038479
"tetramer_p7_BC48_CTGTCATT","tetramer_p7_BC48_CTGTCATT","TTneg",0.142975799525518,-0.184580243097873,0.123682238467909,0.442869664724348,-0.147945441645535,0.0195249361702194,-0.231453368618833
"tetramer_p7_BC93_GAAAGGTG","tetramer_p7_BC93_GAAAGGTG","TTneg",0.321526187790895,-0.0616009953495984,0.0995121429996804,0.370216467867877,-0.022707823221957,0.0867385312186112,0.0208268397806685
"tetramer_p7_BC54_GAAGACTT","tetramer_p7_BC54_GAAGACTT","TTneg",-0.137977943587579,-0.0889131251312093,-0.0731953762322887,0.116012265360121,-0.12576901880548,0.0487363840121126,-0.0345440761970456
"tetramer_p7_BC59_GAGGGTAG","tetramer_p7_BC59_GAGGGTAG","TTneg",-0.10146459962859,-0.139164390927515,-0.0435625831012141,0.125341188402301,-0.033243464858794,-0.141685345570656,-0.0136204827750368
"tetramer_p7_BC70_GATCTGAG","tetramer_p7_BC70_GATCTGAG","TTneg",-0.0788062828162318,-0.0567114202404337,0.16503417277307,0.250420020272632,0.0729468440536318,0.102739536921252,0.102656062186116
"tetramer_p7_BC3_GCACGTCA","tetramer_p7_BC3_GCACGTCA","TTpos",0.13267526655829,-0.146062753523005,0.215377079998417,0.352835162265264,0.0264881729872088,0.257453799790789,0.18044147664187
"tetramer_p7_BC96_GCATTTGG","tetramer_p7_BC96_GCATTTGG","TTneg",-0.166880660016944,-0.127357451777256,0.0257337004345457,0.0900903194413936,-0.0467873486489724,-0.108031044442537,-0.0680787157798683
"tetramer_p7_BC61_GCCATCTT","tetramer_p7_BC61_GCCATCTT","TTneg",0.113674451793943,-0.0954335525129558,0.0303478802365892,0.240708009700342,-0.0517060664521641,0.0423114676032286,0.00014750447042633
"tetramer_p7_BC43_GGATTGAC","tetramer_p7_BC43_GGATTGAC","TTneg",-0.00707574415819179,-0.0309330485707215,0.0141956412081846,0.126102068948748,0.0400437496515859,0.0298286826503908,-0.104253872553171
"tetramer_p7_BC86_GGGACAAC","tetramer_p7_BC86_GGGACAAC","TTneg",0.0573638904632834,-0.0548801916114247,0.159917369201804,0.269674759226234,-0.0257956963240805,0.0833845317076026,-0.157912595247738
"tetramer_p7_BC51_GGGATTGT","tetramer_p7_BC51_GGGATTGT","TTneg",-0.109528865764735,-0.0619102352211441,-0.0702107597937156,0.220540305695724,-0.182662222118916,0.030448548377053,-0.153091303067371
"tetramer_p7_BC38_GGTGGACT","tetramer_p7_BC38_GGTGGACT","TTneg",-0.0228869835808704,0.0474709415868091,0.109063404647269,0.380179548805234,-0.0719745511893425,0.00922840908197142,0.0322302101791289
"tetramer_p7_BC67_GTAACTCC","tetramer_p7_BC67_GTAACTCC","TTneg",-0.0303538320640369,-0.0816953878622602,0.00352856638583893,0.151675321578612,-0.112992085019235,-0.0926962766421798,-0.0517238071243379
"tetramer_p7_BC42_GTAGAACG","tetramer_p7_BC42_GTAGAACG","TTneg",0.103424994321909,-0.0459188322923911,0.0644102967842409,0.358391253014979,-0.0968495825615102,-0.0184018379382018,-0.133018667179047
"tetramer_p7_BC28_GTCATTAG","tetramer_p7_BC28_GTCATTAG","TTneg",-0.10838914592769,0.00326679791349088,0.00909508954234284,0.0977274882733906,-0.0606794960140725,-0.116235490475265,-0.121664645510538
"tetramer_p7_BC95_GTCTGCCG","tetramer_p7_BC95_GTCTGCCG","TTneg",-0.0697791917033374,-0.00401093839770666,-0.0703631106650316,0.131842003518807,0.0662057536725033,0.108177987083885,0.138348697341709
"tetramer_p7_BC27_GTGCATGA","tetramer_p7_BC27_GTGCATGA","TTneg",0.176954962753042,0.18748769457146,0.12070198446162,0.184669725671833,-0.0381626449914075,-0.0874467482632467,0.113726565854577
"tetramer_p7_BC57_GTGTTAGC","tetramer_p7_BC57_GTGTTAGC","TTneg",-0.18541494841446,-0.20255966599619,-0.144509738600479,-0.0308638160585097,-0.134448125666606,-0.228763008525166,-0.10015068170791
"tetramer_p7_BC31_GTTGCCAC","tetramer_p7_BC31_GTTGCCAC","TTneg",0.0229299417149115,-0.0927835790115024,0.170882563763161,0.229703923115232,-0.156872368422366,-0.0799643250944484,0.00142250460433591
"tetramer_p7_BC40_TAACTCCG","tetramer_p7_BC40_TAACTCCG","TTneg",-0.137047858282251,-0.0421471927335021,-0.154380104066313,0.00902276490231896,-0.0109838816928169,-0.312638667946646,-0.0621837058381713
"tetramer_p7_BC92_TAAGGTCC","tetramer_p7_BC92_TAAGGTCC","TTneg",0.316858534169983,0.00405189542553008,-0.190519011256857,0.183638516874949,-0.0713643352674563,0.171274950219889,0.190592047228274
"tetramer_p7_BC89_TACGCCTC","tetramer_p7_BC89_TACGCCTC","TTneg",0.175766120582844,-0.0878039005569149,-0.1561370704257,0.188855233416166,-0.0839973920711817,0.28452165295914,0.158917631485051
"tetramer_p7_BC11_TACTGGTA","tetramer_p7_BC11_TACTGGTA","TTpos",0.134524767770903,-0.0527359327897944,0.122727687014196,0.261951742806947,0.0323517952047353,0.0449337108692034,-0.0614136206675993
"tetramer_p7_BC77_TAGGCGCG","tetramer_p7_BC77_TAGGCGCG","TTneg",0.196712232999892,-0.0429629682714225,0.0581805238201035,0.192728950831833,-0.0844565578311267,0.101970886424822,-0.147533244485953
"tetramer_p7_BC35_TAGTGAAC","tetramer_p7_BC35_TAGTGAAC","TTneg",0.103044681691064,-0.161939318239415,0.00946396746177858,0.073649295243895,0.020248530217732,-0.219231788480727,0.0132623780750835
"tetramer_p7_BC4_TCAACGAC","tetramer_p7_BC4_TCAACGAC","TTpos",0.464172166410734,0.11641963460784,0.0251920592146386,0.395546119488929,0.324760190064029,0.371499222685964,0.520842577922293
"tetramer_p7_BC30_TCACCCGA","tetramer_p7_BC30_TCACCCGA","TTneg",-0.191963649995948,-0.0959064776837781,-0.0520701462323085,0.0591792438378217,-0.00531238821712959,-0.140452091876294,-0.0464612963354167
"tetramer_p7_BC75_TCCACACT","tetramer_p7_BC75_TCCACACT","TTneg",-0.0504801454877822,0.06455002079781,-0.140217849964957,0.459499605714367,-0.0343920088914212,0.112566566645955,0.0803000785789808
"tetramer_p7_BC74_TCGAACCG","tetramer_p7_BC74_TCGAACCG","TTneg",0.182579849551576,-0.142657498112736,0.348235287982033,0.435168580426668,-0.0327743915317715,-0.0548717941735013,0.0300598125222545
"tetramer_p7_BC56_TCGCTACA","tetramer_p7_BC56_TCGCTACA","TTneg",0.0954771272896661,0.0107453595824549,0.0602810799974614,0.329141749070193,-0.0715223037261854,-0.239215116396212,-0.15820397175527
"tetramer_p7_BC63_TCTATGGT","tetramer_p7_BC63_TCTATGGT","TTneg",0.365262066512226,0.0483744922271834,0.171157596274644,0.237697451307838,0.117295968569976,0.0265114268274457,0.0988845847108732
"tetramer_p7_BC10_TCTCACAC","tetramer_p7_BC10_TCTCACAC","TTpos",-0.0342757074714689,-0.0239207473246811,0.0830288800116028,0.292752271444326,-0.0031309954457697,0.125816359951157,0.00204696381019731
"tetramer_p7_BC55_TCTGGGCA","tetramer_p7_BC55_TCTGGGCA","TTneg",0.145459101226843,0.0936861453171363,-0.00592176800729843,0.202189665651393,-0.11473287702535,-0.0765294932354664,-0.211116347622773
"tetramer_p7_BC85_TCTTGCTG","tetramer_p7_BC85_TCTTGCTG","TTneg",0.10215530054383,-0.0424376893822849,0.0678752330960913,0.272706387195618,-0.0804553303435888,-0.0698370671637258,-0.0815988881823126
"tetramer_p7_BC9_TGAATACC","tetramer_p7_BC9_TGAATACC","TTpos",0.000774760222426285,-0.0793717669829689,0.0987418015011225,0.267492621570897,0.375355077301966,0.206929263151536,0.106532279694655
"tetramer_p7_BC80_TGAGCATA","tetramer_p7_BC80_TGAGCATA","TTneg",0.0499277186283487,-0.0256428616109285,0.13365723193399,0.186245222957734,-0.097991870257993,-0.1213829092938,-0.079609894404626
"tetramer_p7_BC52_TGATGTAG","tetramer_p7_BC52_TGATGTAG","TTneg",-0.139408953634234,0.189373501725827,0.128631799557923,0.0499946222478246,-0.0835704308954255,-0.233335117515965,-0.080256214771697
"tetramer_p7_BC62_TGCGACAT","tetramer_p7_BC62_TGCGACAT","TTneg",-0.0606553637817958,-0.0394309801367626,0.012691065718399,0.124942220097264,0.0333472254942086,-0.184087751764569,-0.181659480253885
"tetramer_p7_BC7_TGCGTAGG","tetramer_p7_BC7_TGCGTAGG","TTpos",0.0438916700098777,0.0503125061744178,0.101859637989013,0.291900879193594,0.128788875748911,0.0864539376524148,0.397890772347621
"tetramer_p7_BC25_TGCTCTCA","tetramer_p7_BC25_TGCTCTCA","TTneg",-0.241727344789292,-0.349633758073146,-0.197177083263202,0.0314069996958143,-0.15602051720599,-0.314333781159253,-0.263814152660685
"tetramer_p7_BC8_TGGAGCTC","tetramer_p7_BC8_TGGAGCTC","TTpos",0.0841135713208692,0.0757211479612165,0.0348198408099565,0.163945512479178,-0.0341389483052739,0.179687042735191,0.0933044660871967
"tetramer_p7_BC88_TGTTAAGC","tetramer_p7_BC88_TGTTAAGC","TTneg",0.0847749623881401,-0.0940595352108419,-0.0560065882129807,0.3101891488866,-0.167030211912767,0.00947520453168593,-0.196242861982244
"tetramer_p7_BC81_TTAGACGC","tetramer_p7_BC81_TTAGACGC","TTneg",0.0835549335563797,-0.221689743270666,-0.0705442473911947,0.0932835298824919,-0.0721550676350042,0.115698415609146,-0.0185690950940732
"tetramer_p7_BC53_TTCGCTGT","tetramer_p7_BC53_TTCGCTGT","TTneg",0.115394891209435,-0.0856562485172974,0.0489129458194681,0.214896547338547,-0.0215109251913517,0.0101141233260024,0.040043659286626
"tetramer_p7_BC45_TTCGGAAA","tetramer_p7_BC45_TTCGGAAA","TTneg",0.109548037590441,-0.113887990867175,-0.012662606489285,0.182450256903059,0.0565322846091505,-0.232960981004095,-0.224518764502604
"tetramer_p7_BC79_TTTGTGTC","tetramer_p7_BC79_TTTGTGTC","TTneg",-0.144109074289339,-0.0291081686477375,-0.121968953902905,0.342062053184303,0.0851136716612937,-0.0928493355498023,-0.148343060796791
"tetramer_p5_BC49_AACATTCT","tetramer_p5_BC49_AACATTCT","TTneg",0.0192994032930353,0.111877730735339,0.146239404344708,0.105444370730017,0.0973691296237905,-0.101096886159573,-0.043237826527363
"tetramer_p5_BC33_AACGAGGT","tetramer_p5_BC33_AACGAGGT","TTpos",0.140670528733937,0.0838343700692813,0.100437052386736,0.25620803949006,-0.0528093433820251,0.0721283832755251,0.251533364315377
"tetramer_p5_BC47_AAGCACAT","tetramer_p5_BC47_AAGCACAT","TTpos",-0.00500069799371139,0.127473791073513,-0.000819005743703249,0.345918354500695,0.150184066541966,0.0420161663470627,-0.0855737797857614
"tetramer_p5_BC24_AAGTGGCT","tetramer_p5_BC24_AAGTGGCT","TTpos",0.0867294405407968,-0.0399335355757668,0.0605355126836341,0.109465440475534,-0.0557174008816527,0.0103402893941655,-0.132236430990071
"tetramer_p5_BC78_ACAGGCAT","tetramer_p5_BC78_ACAGGCAT","TTneg",-0.173187793439607,0.0787519449188911,0.0183538283082149,0.186249231002466,-0.022465059219601,-0.205600328532435,-0.234245994967946
"tetramer_p5_BC91_ACCGCTAA","tetramer_p5_BC91_ACCGCTAA","TTneg",-0.0333527456510213,-0.0733734443077504,0.11549419220043,0.281789007619265,0.00242343380874449,-0.14456213346318,0.0483969706913802
"tetramer_p5_BC71_ACCTGGAG","tetramer_p5_BC71_ACCTGGAG","TTneg",-0.164488632029466,0.014464745632212,0.0866756536835724,0.284150081187979,-0.0545558405196196,-0.124917637911974,-0.0836299220757865
"tetramer_p5_BC12_ACGATAGG","tetramer_p5_BC12_ACGATAGG","TTpos",0.100588850844821,0.0690807973794825,0.109736623598729,0.226468608686007,-0.0708171386317346,0.0863683919437672,0.168630837539538
"tetramer_p5_BC94_ACGTTGTA","tetramer_p5_BC94_ACGTTGTA","TTneg",-0.378993633336613,-0.0704596248598752,0.0152925086530746,0.0611909746337744,-0.00165556932422883,-0.261369936930155,-0.0816212757796682
"tetramer_p5_BC66_ACTAGCGA","tetramer_p5_BC66_ACTAGCGA","TTneg",-0.209638896871682,-0.215111129753591,-0.144955337426714,0.0920381044908991,0.123309202171484,-0.0354410431625665,0.100180157590497
"tetramer_p5_BC23_ACTGTTTG","tetramer_p5_BC23_ACTGTTTG","TTpos",0.188267397963082,-0.114217362233584,-0.151163277807471,0.621818075648866,0.133792191109589,0.35230283618656,0.195250604405079
"tetramer_p5_BC2_AGACTCGT","tetramer_p5_BC2_AGACTCGT","TTpos",0.155182162837974,-0.00995052938763274,0.0587477728630825,0.714941182978598,0.273936762483969,0.455248736230228,0.263381588625779
"tetramer_p5_BC17_AGAGATCT","tetramer_p5_BC17_AGAGATCT","TTpos",0.125297937621952,0.018428737558513,0.0198162660793558,0.461809699991185,-0.0137450328169162,0.0792318511827893,-0.0157962339963109
"tetramer_p5_BC34_AGCCACCA","tetramer_p5_BC34_AGCCACCA","TTpos",0.12635418990845,0.0585707677770479,0.0533927790521721,0.395287911406062,0.0797575304635024,0.116543352840565,0.193180611293014
"tetramer_p5_BC29_AGCTCCTT","tetramer_p5_BC29_AGCTCCTT","TTpos",-0.196808978026423,-0.0101353160969962,-0.0123316950264803,0.416651478601651,-0.0551249384735774,-0.214414667317472,-0.155575201602722
"tetramer_p5_BC64_AGGACTTA","tetramer_p5_BC64_AGGACTTA","TTneg",-0.0218179713293402,0.0271669177872232,0.120324222775153,0.137522006118745,-0.0456607485364875,-0.170875160242614,0.0477841147960197
"tetramer_p5_BC76_AGGTAAAG","tetramer_p5_BC76_AGGTAAAG","TTneg",-0.00531690805752627,-0.0239485894723266,-0.107036455590613,0.331878800369919,0.0470660242339083,-0.141253744627459,0.0391651874998796
"tetramer_p5_BC46_AGTTGTGT","tetramer_p5_BC46_AGTTGTGT","TTpos",-0.107883108835957,-0.0124165263490982,0.0680622763995503,0.195047550369282,-0.00426759903636259,-0.207677321074199,-0.199215450773369
"tetramer_p5_BC87_ATATTCCC","tetramer_p5_BC87_ATATTCCC","TTneg",0.0707599641125739,-0.0896224361544602,0.185361670966061,0.287836933891667,0.0661635327943793,0.0820391501890735,0.262744812049871
"tetramer_p5_BC58_ATGCGACG","tetramer_p5_BC58_ATGCGACG","TTneg",-0.0323205055405598,-0.0237248169245867,0.0762151432412685,0.30599507122995,0.0792143205955008,-0.0716587252583816,0.0635525499124058
"tetramer_p5_BC73_ATTCCTAG","tetramer_p5_BC73_ATTCCTAG","TTneg",-0.0228129928714604,0.247503845320403,0.263514849054739,0.228950196288322,0.00157408287662748,-0.148866619722738,0.033674459079846
"tetramer_p5_BC83_ATTGGAGC","tetramer_p5_BC83_ATTGGAGC","TTneg",-0.0293130198790542,-0.0509682282325822,0.279721333978924,0.235107016390263,0.112940229513896,0.149308803456916,0.124105479768627
"tetramer_p5_BC5_ATTTAGCG","tetramer_p5_BC5_ATTTAGCG","TTpos",-0.20157038157095,0.0974756099014181,0.0639530124871273,0.434441770072925,0.140150691660724,0.036383995614066,0.147120353448409
"tetramer_p5_BC90_CACTTATC","tetramer_p5_BC90_CACTTATC","TTneg",-0.257789765671049,-0.17693525135839,-0.254854857667531,0.194950311021503,0.00393823563060283,-0.410589074377235,-0.196320227295132
"tetramer_p5_BC84_CATAGTCG","tetramer_p5_BC84_CATAGTCG","TTneg",-0.0750121241470433,-0.110350374186742,0.0280973951948708,0.176299823760965,-0.00698734727781472,-0.0882495440397799,0.0662227165368444
"tetramer_p5_BC72_CATGGGTT","tetramer_p5_BC72_CATGGGTT","TTneg",-0.0732113323223458,-0.118877780811818,0.142928343074228,0.307669063239576,0.0517573464602394,-0.136284089930759,0.0453038480086257
"tetramer_p5_BC36_CCAGTCCA","tetramer_p5_BC36_CCAGTCCA","TTpos",-0.0929113559661978,0.0546125457321244,0.043400076698539,0.451433404333247,0.221903383067278,0.0739665892605776,0.0977265302912584
"tetramer_p5_BC69_CCGAGTAC","tetramer_p5_BC69_CCGAGTAC","TTneg",-0.229926219950918,-0.100601126500624,-0.140700648403086,-0.0898589488342201,-0.139910863000821,-0.424417577440162,-0.121919358981458
"tetramer_p5_BC65_CCGCTCAG","tetramer_p5_BC65_CCGCTCAG","TTneg",0.00860130547306304,0.0452035676380347,0.183633852472592,0.163091640717804,-0.0753296565715733,-0.149447663595651,-0.100619801911002
"tetramer_p5_BC82_CGCTTGCT","tetramer_p5_BC82_CGCTTGCT","TTneg",0.0388321051389519,0.0585747342528798,0.110871212184562,0.197460395630959,-0.072333932772975,-0.112103365124377,-0.0898704712208304
"tetramer_p5_BC68_CGGAAGTG","tetramer_p5_BC68_CGGAAGTG","TTneg",-0.0394851955890084,0.00899397553179621,-0.0469608633142883,0.106947199714296,0.0034124313029435,0.0391571710879749,0.087272257354974
"tetramer_p5_BC26_CGGCGTGG","tetramer_p5_BC26_CGGCGTGG","TTpos",-0.252370109701126,-0.186295771924226,-0.21115199052841,0.205970979066343,-0.0885815044589127,-0.13716943003108,0.0935551308878179
"tetramer_p5_BC60_CGGGTGAA","tetramer_p5_BC60_CGGGTGAA","TTneg",0.0138084389581012,-0.120693813811474,-0.0672622696702386,0.0365495394360325,-0.151963368565503,0.00308893632777341,0.084352177066489
"tetramer_p5_BC1_CGTCTAAT","tetramer_p5_BC1_CGTCTAAT","TTpos",-0.00964214292957788,-0.0791660682318238,0.188131884631993,0.247169465848851,-0.00716446009038826,-0.0968546550398715,-0.200883326111801
"tetramer_p5_BC50_CTACGCTG","tetramer_p5_BC50_CTACGCTG","TTneg",0.0165428382899604,-0.0833182179108036,0.110189748301042,0.306105894298656,0.023294263842076,0.107687702362271,0.143092980403474
"tetramer_p5_BC48_CTGTCATT","tetramer_p5_BC48_CTGTCATT","TTpos",0.284121802792623,-0.0423465577277086,0.0905358388590226,0.519772838562785,0.0380369549810775,0.283572638524122,0.331054810742777
"tetramer_p5_BC16_CTTTGACA","tetramer_p5_BC16_CTTTGACA","TTpos",-0.0445959496092353,0.120674116363985,-0.0666308097558129,0.155242956057986,-0.0831421781048483,-0.119072536312375,0.0245349017001532
"tetramer_p5_BC93_GAAAGGTG","tetramer_p5_BC93_GAAAGGTG","TTneg",0.0182206000416645,-0.0526622076603024,-0.0428596605822193,0.176793015889851,0.00333653489451574,0.011714508396275,0.00113780823902926
"tetramer_p5_BC54_GAAGACTT","tetramer_p5_BC54_GAAGACTT","TTneg",0.087336746500098,-0.00132459185719458,0.035526662868431,0.255013732371657,-0.0203787038268206,0.188489254971373,0.168597320754915
"tetramer_p5_BC15_GAATGAGT","tetramer_p5_BC15_GAATGAGT","TTpos",-0.189859063428001,-0.183953843931135,-0.0923336378379624,0.176138533533492,-0.027498179017104,-0.240306044466906,-0.0975389979724782
"tetramer_p5_BC59_GAGGGTAG","tetramer_p5_BC59_GAGGGTAG","TTneg",0.193268486548773,0.00736473822617634,-0.102758960294536,0.323074326300433,0.029481464945342,0.0740029797422223,-0.0460339732662163
"tetramer_p5_BC18_GAGTCCTG","tetramer_p5_BC18_GAGTCCTG","TTpos",0.202813043821694,0.00840919205878765,0.176899044179096,0.742335955351767,0.25199813017044,0.285740112436913,0.317163294490261
"tetramer_p5_BC70_GATCTGAG","tetramer_p5_BC70_GATCTGAG","TTneg",0.0263192677215374,-0.0151128009982684,0.0306366038423638,0.193161909473647,0.0127319898088149,-0.144897469754057,-0.130628885390266
"tetramer_p5_BC13_GATGTCGA","tetramer_p5_BC13_GATGTCGA","TTpos",-0.0577514097568335,-0.0428618049321475,-0.151567438814067,0.32168046927305,-0.0258196705752929,-0.180405916239804,-0.0695824398685257
"tetramer_p5_BC96_GCATTTGG","tetramer_p5_BC96_GCATTTGG","TTneg",0.049032477655075,0.132635683823448,0.111071048146475,0.322974768880174,-0.103172539360258,-0.209674339916052,-0.154813063966872
"tetramer_p5_BC61_GCCATCTT","tetramer_p5_BC61_GCCATCTT","TTneg",0.100207163656494,0.0603950771871763,0.031309613752063,0.26086829908621,0.016920551654912,-0.0481526774700057,-0.0105245531038162
"tetramer_p5_BC21_GGACCTTT","tetramer_p5_BC21_GGACCTTT","TTpos",-0.0990905320918105,-0.143853899789624,0.184974519240449,0.0629134384684531,0.0164546647794369,-0.223731344990094,0.120402295557249
"tetramer_p5_BC86_GGGACAAC","tetramer_p5_BC86_GGGACAAC","TTneg",-0.0562995309291124,0.209411927865487,0.0507824804239254,0.471314411456244,0.0938178000521381,0.037876278666498,0.0807505841598035
"tetramer_p5_BC51_GGGATTGT","tetramer_p5_BC51_GGGATTGT","TTneg",0.132203098816284,0.0567717816646388,-0.0462366836612019,0.305570101058652,0.184992887071728,0.226450286014062,0.071160167396226
"tetramer_p5_BC67_GTAACTCC","tetramer_p5_BC67_GTAACTCC","TTneg",-0.0587329211894389,0.025756423600534,-0.124843321650015,0.26406791232177,0.136109392622139,-0.16524092509596,0.0317489418963525
"tetramer_p5_BC28_GTCATTAG","tetramer_p5_BC28_GTCATTAG","TTpos",0.0257170631449144,-0.0582303673136022,-0.0186743345277096,0.370367459377064,0.0353260547919597,-0.2364470722599,-0.0870367644015579
"tetramer_p5_BC95_GTCTGCCG","tetramer_p5_BC95_GTCTGCCG","TTneg",0.0996081224627275,0.00125158942077169,0.186217667358802,0.185979928779452,0.0492199178491033,-0.248249315013344,-0.0890390403989058
"tetramer_p5_BC27_GTGCATGA","tetramer_p5_BC27_GTGCATGA","TTpos",-0.0543653272890201,-0.142583424127178,0.0376484970189432,0.286421177591893,0.0265596600864693,-0.133007190619969,-0.0711140745554604
"tetramer_p5_BC57_GTGTTAGC","tetramer_p5_BC57_GTGTTAGC","TTneg",-0.0639287862636103,-0.0733003893439659,0.0415038347457738,0.204069005370037,-0.0743676540475548,-0.302434021880837,-0.174148484968038
"tetramer_p5_BC20_GTTACAGG","tetramer_p5_BC20_GTTACAGG","TTpos",0.00304798431448228,-0.0187939593198297,0.0842338245892043,0.169052595522543,0.0649852399960462,-0.122842394875505,-0.15656331637647
"tetramer_p5_BC31_GTTGCCAC","tetramer_p5_BC31_GTTGCCAC","TTpos",0.17111257153967,0.0271848502695291,-0.14732226138971,0.389620221974906,0.0668428239942223,0.326049068980421,0.310557533999826
"tetramer_p5_BC92_TAAGGTCC","tetramer_p5_BC92_TAAGGTCC","TTneg",-0.148295553813682,-0.143680983503809,0.108160536434176,0.108044546448515,-0.0492534920989471,-0.33908239167877,-0.270310803833259
"tetramer_p5_BC89_TACGCCTC","tetramer_p5_BC89_TACGCCTC","TTneg",0.142868765352482,-0.0768591653377667,0.165888853129735,0.295068129150923,0.0128709831405165,0.0479409064491478,-0.0897662829742921
"tetramer_p5_BC11_TACTGGTA","tetramer_p5_BC11_TACTGGTA","TTpos",-0.0798093327654545,-0.0100865981683225,0.0206089507982528,0.125024563743565,-0.00693763418670812,0.0191078113754091,0.00716101713128725
"tetramer_p5_BC22_TAGACTAT","tetramer_p5_BC22_TAGACTAT","TTpos",0.157697154786483,-0.128180746069181,-0.0626384279846328,0.599418241871867,0.0444711878931935,0.0622147384905649,0.19885990582178
"tetramer_p5_BC77_TAGGCGCG","tetramer_p5_BC77_TAGGCGCG","TTneg",0.00403272437401347,-0.0390515629731978,0.29384616829143,0.486241652569669,0.0511096441624183,-0.0585008057246328,-0.0317550744502201
"tetramer_p5_BC4_TCAACGAC","tetramer_p5_BC4_TCAACGAC","TTpos",0.186395585765379,0.0897451992276421,-0.0999469989613466,0.46171808268779,0.168469061212109,0.16897459781102,0.205651019020104
"tetramer_p5_BC30_TCACCCGA","tetramer_p5_BC30_TCACCCGA","TTpos",0.111054570551824,-0.05275704121905,0.217623373082884,0.260675871185904,-0.0276548440264874,-0.133999867073615,-0.154060050243574
"tetramer_p5_BC74_TCGAACCG","tetramer_p5_BC74_TCGAACCG","TTneg",-0.38034000548874,-0.224800218702794,-0.0231754068018264,0.0156518280542434,-0.149666592960921,-0.288578034409867,-0.0764785185506349
"tetramer_p5_BC56_TCGCTACA","tetramer_p5_BC56_TCGCTACA","TTneg",0.0414112630312369,-0.0488340117806775,-0.155335385783635,0.291887246679749,-0.161976086164426,0.157214192329057,-0.0127690958993901
"tetramer_p5_BC63_TCTATGGT","tetramer_p5_BC63_TCTATGGT","TTneg",-0.116416312566198,-0.0857754060715029,-0.0713473050501743,0.251648479389457,0.0447861914942905,-0.0614282226069929,-0.0420354536979508
"tetramer_p5_BC10_TCTCACAC","tetramer_p5_BC10_TCTCACAC","TTpos",0.117236352439979,0.358506674032601,0.225686468370069,0.0873545816962228,-0.0629138599009338,-0.0422070891975158,0.134577203912257
"tetramer_p5_BC55_TCTGGGCA","tetramer_p5_BC55_TCTGGGCA","TTneg",-0.147725854823891,-0.121345021073943,-0.014454802014926,0.104049532191307,-0.0797942419025315,-0.157444334705686,-0.154071897304202
"tetramer_p5_BC9_TGAATACC","tetramer_p5_BC9_TGAATACC","TTpos",0.11015150654685,-0.120018884254847,0.182572091965316,0.521234163485098,0.0657525862078093,0.108001620706009,0.0329423926429192
"tetramer_p5_BC80_TGAGCATA","tetramer_p5_BC80_TGAGCATA","TTneg",-0.0790658740642323,-0.159087641560705,0.00987770878077665,0.145802819878323,0.0278689416154168,-0.223357976618139,-0.058144864309237
"tetramer_p5_BC52_TGATGTAG","tetramer_p5_BC52_TGATGTAG","TTneg",-0.0389425105704199,0.00896883987516722,0.0252762870290194,0.164850731149491,0.00286653530493167,-0.0961138464671273,-0.139591159604429
"tetramer_p5_BC62_TGCGACAT","tetramer_p5_BC62_TGCGACAT","TTneg",-0.323809374606147,-0.115167523943934,-0.163149166914174,0.0453835549467893,-0.19094462086982,-0.273339198181623,-0.0290712475152151
"tetramer_p5_BC7_TGCGTAGG","tetramer_p5_BC7_TGCGTAGG","TTpos",0.0835076590969211,0.243541611640319,0.259534561293757,0.604725333524545,0.247580286040435,0.299428892837732,0.232692554592107
"tetramer_p5_BC25_TGCTCTCA","tetramer_p5_BC25_TGCTCTCA","TTpos",0.111778541830865,0.0399880962403674,0.0430162191668394,0.323253085050976,0.0466185993836654,-0.0605315598440975,-0.128382300562813
"tetramer_p5_BC8_TGGAGCTC","tetramer_p5_BC8_TGGAGCTC","TTpos",0.159434396944262,0.022884951423981,0.139960886977636,0.158978645723658,0.0318833800062002,0.0977846724471104,0.0771217953988786
"tetramer_p5_BC88_TGTTAAGC","tetramer_p5_BC88_TGTTAAGC","TTneg",0.262996044763218,-0.185781175328998,0.188720830760391,0.398005344760724,0.0157941565551497,0.306189770875313,0.407650905704726
"tetramer_p5_BC14_TTACGGGT","tetramer_p5_BC14_TTACGGGT","TTpos",-0.0323201081792415,-0.0958992968773997,-0.0697660812662145,0.234636348129012,0.0470652186827971,0.298810330993394,0.195269635615797
"tetramer_p5_BC81_TTAGACGC","tetramer_p5_BC81_TTAGACGC","TTneg",-0.160224803076483,0.160596762786303,0.00613501335942457,0.19284210075518,-0.0168642793060929,-0.122224292290443,-0.0591768606434717
"tetramer_p5_BC53_TTCGCTGT","tetramer_p5_BC53_TTCGCTGT","TTneg",0.0812129782318192,0.0485616174978483,0.103620389139777,0.150603241782992,-0.119611369428808,-0.0616086966586301,0.0284274326739754
"tetramer_p5_BC79_TTTGTGTC","tetramer_p5_BC79_TTTGTGTC","TTneg",0.0710563762705561,-0.116440591113904,0.00153734046790588,0.169891121355672,-0.0122464879802596,-0.0900353707105606,-0.100298711480819
"tetramer_p6_BC33_AACGAGGT","tetramer_p6_BC33_AACGAGGT","TTneg",-0.359608200467103,-0.0895621069593162,-0.17746781015675,0.0958018688591159,-0.103307061213193,-0.197747765079784,-0.200402989067842
"tetramer_p6_BC24_AAGTGGCT","tetramer_p6_BC24_AAGTGGCT","TTpos",0.0140914985612099,0.0107428737856104,-0.0984593774646205,0.309144224637796,-0.0282690553653314,0.0141838327252559,0.0758720640012484
"tetramer_p6_BC41_ACACCGTG","tetramer_p6_BC41_ACACCGTG","TTneg",0.0563467688675829,0.129858988163055,-0.0419193768552288,0.213760377001743,-0.133780920525024,-0.0869857908909358,-0.107739158362919
"tetramer_p6_BC94_ACGTTGTA","tetramer_p6_BC94_ACGTTGTA","TTneg",-0.0336887048471092,0.247618413469282,0.110231986758668,0.246256312713653,-0.0818274782714936,-0.156887056221404,-0.117464652679255
"tetramer_p6_BC66_ACTAGCGA","tetramer_p6_BC66_ACTAGCGA","TTneg",0.453355245676514,0.196422098278011,0.368732589440443,0.168158797722444,-0.0342276474110745,-0.151258748510972,-0.136691570399484
"tetramer_p6_BC23_ACTGTTTG","tetramer_p6_BC23_ACTGTTTG","TTpos",-0.0706049901472362,0.102804077491829,0.193576861128225,0.287188437386218,0.145331554707023,-0.0932056828399925,-0.0514524538293875
"tetramer_p6_BC2_AGACTCGT","tetramer_p6_BC2_AGACTCGT","TTpos",0.232547276161374,0.180596322940733,0.371952914690002,0.234405606624372,-0.0246914898947241,0.0393487976082239,0.138680138063116
"tetramer_p6_BC34_AGCCACCA","tetramer_p6_BC34_AGCCACCA","TTneg",0.293898778203308,0.100549986719307,0.332543326068987,0.121330319227822,-0.103847401619991,-0.0393754590475561,-0.191085890774103
"tetramer_p6_BC64_AGGACTTA","tetramer_p6_BC64_AGGACTTA","TTneg",0.223687399827465,0.266773373520318,0.373069677820265,0.251919096414505,0.0163215376237088,0.0906105207923286,-0.0214320099161948
"tetramer_p6_BC46_AGTTGTGT","tetramer_p6_BC46_AGTTGTGT","TTneg",0.00782370216878647,0.243408335054769,0.447961894656677,-0.0166813816916838,-0.100905421219277,-0.328614088551778,-0.129741265555941
"tetramer_p6_BC6_ATACAGAC","tetramer_p6_BC6_ATACAGAC","TTpos",0.270826301259211,-0.0742514478304714,0.228776356855849,0.49136803734844,0.0136541788175964,0.166764062202775,0.198790856222951
"tetramer_p6_BC83_ATTGGAGC","tetramer_p6_BC83_ATTGGAGC","TTneg",0.0122271489023821,-0.0254749832439094,0.14395324082469,0.0239026690089896,-0.0971459271565886,-0.172036302209474,-0.12860998430502
"tetramer_p6_BC90_CACTTATC","tetramer_p6_BC90_CACTTATC","TTneg",-0.202446201788398,0.115110765511074,0.110108744618609,0.011566879605774,-0.0810253397706625,-0.262548950952674,-0.0939610692868048
"tetramer_p6_BC72_CATGGGTT","tetramer_p6_BC72_CATGGGTT","TTneg",0.173320158584886,-0.106042833164382,0.198193930015241,0.321027936833058,0.0126394148825249,-0.253824908384052,-0.231951198583679
"tetramer_p6_BC69_CCGAGTAC","tetramer_p6_BC69_CCGAGTAC","TTneg",-0.0126211756957517,0.334877970115415,-0.086469265930919,-0.128955573013155,0.0628411618126351,-0.135099543023084,-0.0604745583330825
"tetramer_p6_BC65_CCGCTCAG","tetramer_p6_BC65_CCGCTCAG","TTneg",-0.099176986361009,0.0167786289913802,-0.142380503255362,0.165637656250725,-0.0344211130636277,0.0464920294229781,-0.0781335769019507
"tetramer_p6_BC39_CCGGCGTC","tetramer_p6_BC39_CCGGCGTC","TTneg",-0.0889462961361613,-0.108323025802337,-0.105793369477225,0.141793458572563,-0.0353513722670053,-0.108492712958302,-0.196370458959612
"tetramer_p6_BC82_CGCTTGCT","tetramer_p6_BC82_CGCTTGCT","TTneg",-0.10500133475775,-0.22718833187181,0.136355914455581,0.235704312935772,-0.0810571663737326,-0.408146814634175,-0.28139102912427
"tetramer_p6_BC68_CGGAAGTG","tetramer_p6_BC68_CGGAAGTG","TTneg",0.0320426296676765,-0.0411956382398382,-0.0917310129168727,0.159558790464366,-0.060602038279694,-0.244415668881351,-0.114617192797142
"tetramer_p6_BC26_CGGCGTGG","tetramer_p6_BC26_CGGCGTGG","TTneg",-0.0926139158494199,-0.0673866876214601,-0.137810431970611,0.0787191160245432,-0.0739333049597249,-0.295920135545517,-0.215314573276941
"tetramer_p6_BC50_CTACGCTG","tetramer_p6_BC50_CTACGCTG","TTneg",-0.128036552629286,0.0148729171364654,0.0574876421209738,0.331025226716017,0.136249062724328,-0.137099855152578,-0.184626833570181
"tetramer_p6_BC93_GAAAGGTG","tetramer_p6_BC93_GAAAGGTG","TTneg",-0.160113683973247,0.121791307293889,0.321872215785653,0.0539890768451464,-0.0875188809176513,-0.236001747928611,-0.25190422580986
"tetramer_p6_BC96_GCATTTGG","tetramer_p6_BC96_GCATTTGG","TTneg",-0.0837612671620643,-0.0192265528647932,-0.142629866810055,0.339427853440491,-0.163054056177979,-0.404525277966307,-0.449450267785908
"tetramer_p6_BC61_GCCATCTT","tetramer_p6_BC61_GCCATCTT","TTneg",0.222794702631842,-0.0322898004901274,0.0633386935461457,0.178981618783762,0.0207614838211751,0.0562762245345706,-0.0900704765964647
"tetramer_p6_BC86_GGGACAAC","tetramer_p6_BC86_GGGACAAC","TTneg",-0.25779711766121,-0.145079795919892,-0.160638896956207,0.13401610169302,-0.0509700580238017,-0.114984599488435,-0.199539500559873
"tetramer_p6_BC51_GGGATTGT","tetramer_p6_BC51_GGGATTGT","TTneg",-0.116153358418033,-0.152713854734779,-0.0414517956053375,0.134215176362288,-0.0936015038112183,-0.254272325520244,-0.140095951204033
"tetramer_p6_BC38_GGTGGACT","tetramer_p6_BC38_GGTGGACT","TTneg",-0.0895110102504866,0.224619705631846,0.0736077342724085,0.370364679820405,-0.0780443348689107,-0.0917194042517068,-0.065603205700108
"tetramer_p6_BC67_GTAACTCC","tetramer_p6_BC67_GTAACTCC","TTneg",0.102269902847453,-0.077264824777445,-0.14789371666079,0.414567484022094,-0.0783811176086382,-0.233861519063301,-0.0877341702492547
"tetramer_p6_BC42_GTAGAACG","tetramer_p6_BC42_GTAGAACG","TTneg",-0.0887208405963178,0.165826632610375,0.20611333370073,0.326415536974895,-0.125842502835931,-0.20632393727318,-0.102252931217132
"tetramer_p6_BC31_GTTGCCAC","tetramer_p6_BC31_GTTGCCAC","TTneg",-0.0992788045844778,-0.0432016135967814,-0.0782057624966988,0.193801085686417,-0.0121306644513951,0.0537544528264177,0.0717535475563472
"tetramer_p6_BC40_TAACTCCG","tetramer_p6_BC40_TAACTCCG","TTneg",-0.153665111609433,0.0267810609994956,0.0724335240347408,0.0705209136407671,-0.0446944336608729,-0.275673467537492,-0.194814866109422
"tetramer_p6_BC89_TACGCCTC","tetramer_p6_BC89_TACGCCTC","TTneg",-0.136549577908529,-0.042347192161645,-0.0559335164524487,-0.171701508194438,-0.111421343519122,-0.234048891713071,-0.0968394143038068
"tetramer_p6_BC11_TACTGGTA","tetramer_p6_BC11_TACTGGTA","TTpos",0.138097919629906,0.0367149078175553,0.0782519995505351,0.172804926048065,0.0645251907904168,-0.146668496087896,0.148937221053341
"tetramer_p6_BC35_TAGTGAAC","tetramer_p6_BC35_TAGTGAAC","TTneg",-0.0543526819669871,0.127506689721454,0.048926714879641,0.0420251883155827,-0.0354787107187855,-0.304077933657915,-0.110213850731184
"tetramer_p6_BC4_TCAACGAC","tetramer_p6_BC4_TCAACGAC","TTpos",0.0860009416305679,0.0613330257598091,0.0569580708541478,0.166905571692128,0.0739622352982962,-0.051575214476493,-0.113743259267713
"tetramer_p6_BC75_TCCACACT","tetramer_p6_BC75_TCCACACT","TTneg",0.0120051364492332,-0.0239678450612164,-0.0940072845386671,0.0664928658988692,-0.0691239351762903,-0.017868616751927,0.143127515713807
"tetramer_p6_BC74_TCGAACCG","tetramer_p6_BC74_TCGAACCG","TTneg",0.159460790769146,-0.0366003370299957,0.178930140834091,0.145009752814474,0.0550103438374669,-0.0766159814419156,0.047227425277206
"tetramer_p6_BC56_TCGCTACA","tetramer_p6_BC56_TCGCTACA","TTneg",0.0266349888752299,-0.0326628140437689,0.147103471996409,0.161884862601774,-0.23055406783426,-0.132046057202791,-0.0599727466968203
"tetramer_p6_BC10_TCTCACAC","tetramer_p6_BC10_TCTCACAC","TTpos",0.135584261781842,0.089211788261423,0.233384252574918,0.397176112438954,-0.140909480068908,-0.285927047138207,-0.175634923833517
"tetramer_p6_BC55_TCTGGGCA","tetramer_p6_BC55_TCTGGGCA","TTneg",-0.0991745260569385,0.0815191861330863,-0.0501494409468988,-0.024537708432755,-0.0384402153191854,-0.173399933949111,-0.189586998573716
"tetramer_p6_BC9_TGAATACC","tetramer_p6_BC9_TGAATACC","TTpos",-0.009743368555993,-0.0129623754712976,0.083621166449231,0.439779539275168,0.200765816164193,-0.0629674804791464,0.114609307122045
"tetramer_p6_BC80_TGAGCATA","tetramer_p6_BC80_TGAGCATA","TTneg",-0.017156769091814,0.0423700740947634,0.32832063038369,-0.00620152147063713,-0.15347663643162,-0.165965837158609,-0.0816477509486503
"tetramer_p6_BC25_TGCTCTCA","tetramer_p6_BC25_TGCTCTCA","TTneg",-0.279114941763594,-0.101559409390557,-0.185518728477668,0.278637435130239,-0.147482207970332,-0.109601602911059,-0.304126147874151
"tetramer_p6_BC8_TGGAGCTC","tetramer_p6_BC8_TGGAGCTC","TTpos",-0.186975543896598,-0.0597220615682754,-0.0834880072772839,0.0510244710368767,-0.178919852829774,-0.326016843938994,-0.211248956063839
"tetramer_p6_BC88_TGTTAAGC","tetramer_p6_BC88_TGTTAAGC","TTneg",-0.183930233949458,0.072849458616329,0.0838073667213657,0.185117616201838,-0.126683015559277,-0.389578310785786,-0.213372789247096
"tetramer_p6_BC81_TTAGACGC","tetramer_p6_BC81_TTAGACGC","TTneg",0.235707775413854,0.278426610765758,0.186138424553073,0.291953191273177,-0.0174417971989749,-0.0484951445174285,0.00792556968948077
"tetramer_p6_BC45_TTCGGAAA","tetramer_p6_BC45_TTCGGAAA","TTneg",0.0505172096362668,0.0832700679892046,0.0838239786515106,0.279052334393309,-0.102245482671014,0.0223059524548918,0.0851665493141212
"tetramer_p6_BC79_TTTGTGTC","tetramer_p6_BC79_TTTGTGTC","TTneg",-0.183809921086276,0.0990678810924034,0.0629274564771185,0.129136412408552,-0.0517353629359836,-0.288938967760968,-0.106950151087676
