"UniqueCellID","Sample","Auto-reactivity","H1N1","Cluster 1 (TEM GZMK+)","Cluster 2 (TCM HLA-DR+)","Cluster 3 (TEM NKG7+)","Cluster 5 (CTL)","Cluster 6 (TREG)"
"tetramer_p1_BC49_AACATTCT","01-046",0.0189713969250624,-0.0968438584210794,-0.209973717759861,-0.0293235073464541,-0.133216027013243,-0.127970899942633,0.155181200953403
"tetramer_p1_BC33_AACGAGGT","01-046",0.198615177489623,-0.137772742092606,-0.190961393372167,0.356977186109311,-0.0563668403669356,-0.0759984397279157,-0.131455283295626
"tetramer_p1_BC47_AAGCACAT","01-046",0.115668013694209,-0.023137167901327,-0.283885439033509,-0.0690153525868005,-0.233213617556267,-0.209305618376851,0.0813056037908157
"tetramer_p1_BC24_AAGTGGCT","01-046",0.162767948806636,-0.0847482612497183,-0.297930547761504,0.373443108889571,-0.0850624408051167,0.0639355292481538,-0.136224208362567
"tetramer_p1_BC41_ACACCGTG","01-046",-0.0270176204493575,-0.117061727315192,-0.0243390245873845,-0.17509741100389,-0.106989141237987,0.0209196533957788,0.079123586636363
"tetramer_p1_BC78_ACAGGCAT","01-046",0.116720186661966,-0.15228441252304,-0.358962480257443,0.101716698508836,-0.168419042647858,-0.0539091622473906,-0.0387539172243802
"tetramer_p1_BC91_ACCGCTAA","01-046",-0.115941331978362,-0.096739549708181,-0.310376518328501,-0.191607799095246,-0.108571544768325,-0.124981320813802,0.131200076902078
"tetramer_p1_BC37_ACCTCAGC","01-046",0.058771340851813,0.216886768642257,-0.359750067603786,0.291446340600323,-0.127447640147883,-0.0724444289346056,-0.285955535078651
"tetramer_p1_BC71_ACCTGGAG","01-046",-0.00790007072163179,-0.110444739046245,0.209241371388598,-0.119323507855945,-0.116107396361754,-0.0949879612787689,-0.115575940961512
"tetramer_p1_BC12_ACGATAGG","01-046",-0.00861363348386393,0.0740958325001383,-0.319681758573039,-0.0265739443376057,-0.202973559309258,-0.178691418638826,-0.0125537035209073
"tetramer_p1_BC44_ACGTATCC","01-046",0.133593225308865,0.0983200375447372,-0.0470642233699295,0.176309594792762,-0.174919628557905,-0.172826856239089,-0.0158788936613953
"tetramer_p1_BC94_ACGTTGTA","01-046",0.0492925241643263,0.0300710966133977,0.107745899016374,0.0757921513737597,-0.106067517480626,-0.126121951710097,0.140170083479339
"tetramer_p1_BC66_ACTAGCGA","01-046",-0.0485271364783007,-0.151481958274604,-0.187301153274726,-0.0125286985944024,-0.177827832415096,-0.0927875553437608,-0.206363664385342
"tetramer_p1_BC17_AGAGATCT","01-046",0.0234296394111654,-0.0532791249663516,0.149877343652964,-0.214712812867872,-0.20534704281487,-0.0959273545744961,-0.15235646634308
"tetramer_p1_BC34_AGCCACCA","01-046",0.117705695445554,0.0616685961043719,-0.33684645670342,0.388494713895969,0.0200988241152076,0.067719612916064,0.0363853844552213
"tetramer_p1_BC29_AGCTCCTT","01-046",-0.0461693602518174,0.0657460122263319,-0.222505429829692,0.0246921573588881,-0.148951774830056,-0.157253228296141,-0.0413240800138473
"tetramer_p1_BC64_AGGACTTA","01-046",0.00975076326188207,-0.0168867230531977,0.133906654885461,0.0604849756209314,-0.211821832574377,-0.159127752138954,0.0238680422519806
"tetramer_p1_BC76_AGGTAAAG","01-046",0.0761989649248546,-0.0569059346266947,-0.32625135908783,-0.0975067847991772,-0.0836319721857773,-0.106000795020165,0.0652068353304037
"tetramer_p1_BC46_AGTTGTGT","01-046",0.0140571732933055,-0.00203804847631067,-0.331343117817153,-0.236930822740075,-0.240437035466466,-0.068997858438501,0.0566860523438794
"tetramer_p1_BC6_ATACAGAC","01-046",-0.0377649525866364,0.0725817774326581,-0.208579154099561,0.219430970114493,-0.0735868514402716,0.174816376273803,-0.0146578862904452
"tetramer_p1_BC87_ATATTCCC","01-046",0.0647643123474524,-0.0585024969159433,-0.312724433476071,-0.335220651595488,-0.0766904068706442,0.0551705467074534,0.143113904865492
"tetramer_p1_BC58_ATGCGACG","01-046",0.076314520196139,-0.0207082256123121,-0.315659479203827,-0.0438580148877646,-0.0852249400708842,-0.0370192683848359,0.0611758306685774
"tetramer_p1_BC73_ATTCCTAG","01-046",0.223651100683934,-0.123126442862488,-0.094368422951477,-0.277057675385453,-0.166100092413849,-0.153412636674477,0.05350022758315
"tetramer_p1_BC83_ATTGGAGC","01-046",0.227768913184926,0.0321179952973195,-0.313007147044624,0.378283502219976,-0.104089171438872,0.00248779104546651,-0.00140926377708983
"tetramer_p1_BC5_ATTTAGCG","01-046",0.280528678193347,-0.135047496275622,-0.367944446769307,0.335823277104543,-0.120761608877476,-0.0291587748632208,-0.0307317643635564
"tetramer_p1_BC19_CACACTGA","01-046",0.137063715599921,-0.0655158057356169,-0.311736822170361,-0.0168964387713724,0.141846871884301,-0.0430783453239378,-0.0760147445645828
"tetramer_p1_BC90_CACTTATC","01-046",-0.111527139108187,-0.0807215034901215,-0.288364102981345,-0.0298278915321979,-0.0826815265226906,-0.151591973318015,-0.256373722577847
"tetramer_p1_BC84_CATAGTCG","01-046",0.122576852375413,-0.118509510989569,0.638627701713352,0.0188523608945427,-0.07980288365808,-0.0808551492229408,0.0949882221037769
"tetramer_p1_BC72_CATGGGTT","01-046",0.0139621869587369,-0.123233518840577,-0.354593889635965,-0.0880812621431052,-0.216239862080582,-0.173057549643042,0.265214845135135
"tetramer_p1_BC36_CCAGTCCA","01-046",0.0207142420042161,-0.0104913894754236,-0.0788688769695702,-0.0714278224137286,-0.108579188701369,-0.110150424616976,-0.135596640366724
"tetramer_p1_BC69_CCGAGTAC","01-046",0.00160830812708357,-0.100217100194717,-0.325481366801131,-0.19434335196036,-0.170759237238885,-0.173907649104998,-0.0319614452332544
"tetramer_p1_BC65_CCGCTCAG","01-046",0.00924702502624061,-0.0278310056398752,-0.225358313398752,-0.0722162574841385,-0.0914084689816334,-0.143760731670942,-0.0143598906550601
"tetramer_p1_BC39_CCGGCGTC","01-046",-0.0075867053601732,-0.0270510529485309,-0.255191519782023,0.0379254109705225,-0.168577670759805,-0.0554725216971043,0.156501874567619
"tetramer_p1_BC82_CGCTTGCT","01-046",0.029531132888692,-0.114020282600964,0.00708563994865558,0.23794107861834,-0.0933479546034876,-0.136686038069015,-0.201330741878176
"tetramer_p1_BC68_CGGAAGTG","01-046",0.102043097170706,-0.0801468511618748,-0.303116720451496,0.0248646940425834,-0.175497846390876,-0.0774937736582698,0.12348178228115
"tetramer_p1_BC60_CGGGTGAA","01-046",-0.096463737054948,-0.124422100901926,-0.266533202728391,-0.19058434344227,-0.196605075364517,-0.114519323926797,-0.232109339315136
"tetramer_p1_BC48_CTGTCATT","01-046",0.00725568936832371,-0.0474107474243308,-0.277607079436073,-0.127032139363306,-0.115955973181869,-0.0078674889633393,0.151248417447899
"tetramer_p1_BC16_CTTTGACA","01-046",0.20820451239061,-0.113537462606374,0.150161616329489,-0.0978826032035349,-0.0613697692873268,-0.11655721684458,0.204810120990982
"tetramer_p1_BC54_GAAGACTT","01-046",0.306287407471792,-0.0755396469732421,0.0307329013883932,0.105515858955495,-0.148335164219729,-0.0382896730213781,0.166525605320193
"tetramer_p1_BC15_GAATGAGT","01-046",-0.0340708567527703,-0.175612604305292,-0.429550019996738,0.0554099732982345,-0.263939568660008,-0.176213925381795,0.0702865181373409
"tetramer_p1_BC59_GAGGGTAG","01-046",0.0746521285381448,-0.0684275725875012,-0.329553083886415,0.024502335484447,-0.04890213933029,-0.0939191495460888,-0.210570728820461
"tetramer_p1_BC18_GAGTCCTG","01-046",-0.0160302914452123,-0.0324830019184598,-0.222073900249677,-0.24426170950745,-0.134924775561884,-0.0427683196108496,0.0399423978981362
"tetramer_p1_BC70_GATCTGAG","01-046",0.00411937187904443,-0.0167523839504057,-0.15423518991922,0.0801362486588717,-0.0313476164433998,0.0227467589845133,0.0611648811514304
"tetramer_p1_BC13_GATGTCGA","01-046",0.140113285635305,0.00120232914110718,0.0213823893455787,-0.2439433412396,-0.200942335187566,-0.107851800748038,0.212429557055475
"tetramer_p1_BC3_GCACGTCA","01-046",0.319397005332362,-0.0164256301821116,-0.516186167082172,1.11498327231025,-0.0741957456138139,-0.0861438717318498,-0.262965845045094
"tetramer_p1_BC96_GCATTTGG","01-046",0.0425661162786409,0.0286893081944983,-0.136293974973757,0.191040324039545,-0.187431236511075,-0.0747025646807248,-0.234181057445048
"tetramer_p1_BC61_GCCATCTT","01-046",0.0297606864173592,0.0965983243800926,-0.101623016908715,-0.0716572848424979,-0.0854482471785502,-0.142632478366274,0.111017538905336
"tetramer_p1_BC21_GGACCTTT","01-046",0.116892536035337,0.00314380132661629,-0.307905506376557,0.276393036732585,-0.0756748524379662,0.0411657553131238,-0.343681756065861
"tetramer_p1_BC43_GGATTGAC","01-046",0.350131897365711,-0.164608154317753,-0.21786474878978,0.460547085408252,-0.0799308743676271,-0.120782135940379,0.308303248584089
"tetramer_p1_BC86_GGGACAAC","01-046",0.105901674069798,-0.0805176335715823,-0.410999178998608,0.281160511086378,-0.128508616010961,-0.142432520499224,0.398789882670855
"tetramer_p1_BC51_GGGATTGT","01-046",-0.0105682779319816,-0.135924471164502,-0.152789479165707,-0.106681522838297,-0.0746471258096071,-0.0793334527371973,-0.223458396864567
"tetramer_p1_BC38_GGTGGACT","01-046",-0.010084053094581,-0.0109521690769394,0.114534660257475,0.170710838567246,-0.195503825811659,-0.0746744021929352,-0.0276166377994087
"tetramer_p1_BC67_GTAACTCC","01-046",-0.152079599013749,-0.130240511156368,-0.327081053234632,0.0275914251428804,-0.0663118702191747,-0.0655596746875085,0.024181665115432
"tetramer_p1_BC42_GTAGAACG","01-046",-0.0184558900703017,0.0597052246763449,-0.245954281245402,-0.211107580255596,-0.0926939281492988,-0.0433831415432302,0.0811362942979504
"tetramer_p1_BC28_GTCATTAG","01-046",0.0398577637793229,-0.0117503696374611,-0.364745020582518,0.082833685022663,-0.141444546471721,-0.0471428219759996,0.486677087735261
"tetramer_p1_BC95_GTCTGCCG","01-046",0.0381228989339325,-0.0817558509169336,-0.269634579961952,-0.0516986967844679,-0.168929993026288,-0.0802799946994514,0.0467643987933033
"tetramer_p1_BC27_GTGCATGA","01-046",0.0493651752979892,0.00728394611550648,-0.255471275589427,-0.0727761101047434,-0.0548983264886892,-0.0130711309818925,-0.149054957177956
"tetramer_p1_BC57_GTGTTAGC","01-046",0.00708820926809087,0.0154684828942974,0.323138623746338,-0.0968019471347208,-0.108344196142964,-0.0319992194592041,-0.172580930266467
"tetramer_p1_BC20_GTTACAGG","01-046",0.135856443804697,-0.131328700597067,-0.070134215558613,0.0313090089624383,-0.14831278140443,-0.14494392346817,0.028457326022055
"tetramer_p1_BC31_GTTGCCAC","01-046",0.154489831517475,-0.0205343336397671,0.0367013003728032,0.123995383147607,-0.0791766292253868,-0.176770114298253,0.217817339560275
"tetramer_p1_BC40_TAACTCCG","01-046",0.132149303348414,-0.125914257430552,0.122762368388765,0.0143345679931307,-0.125579783950035,-0.0729843280253324,0.11761587209088
"tetramer_p1_BC92_TAAGGTCC","01-046",0.0847341691111704,0.00681130654482287,-0.337178433038611,0.237586417425952,-0.14336558517162,-0.170569735285057,0.103233316923357
"tetramer_p1_BC89_TACGCCTC","01-046",-0.0324714474640827,-0.0947503338238256,-0.145704364393083,-0.0776910855188864,-0.122932315290338,-0.0406702986364102,-0.00621823202885591
"tetramer_p1_BC11_TACTGGTA","01-046",-0.0166164862388229,-0.0207480973718639,-0.054126117666017,-0.110980388647518,-0.154203267313381,-0.135111405909488,0.0546926764182168
"tetramer_p1_BC22_TAGACTAT","01-046",0.170489089735203,-0.099285684116877,-0.219935097335176,0.176907711452523,-0.055290519124901,-0.174664652835458,0.16705830235299
"tetramer_p1_BC77_TAGGCGCG","01-046",0.0386956933170191,0.0478177196609289,-0.269257105106109,0.0191521905775456,0.105456453978596,0.0526665196400884,-0.173595909258778
"tetramer_p1_BC35_TAGTGAAC","01-046",0.0927554803869471,-0.076962544590699,-0.308644197718863,-0.071464574063456,-0.113982249265729,-0.157059602291533,-0.269106608063026
"tetramer_p1_BC30_TCACCCGA","01-046",0.0779254296437171,-0.0717285149948253,-0.269073558530446,0.0716463043796592,-0.0800175674372066,-0.0298891617094673,-0.205738521620844
"tetramer_p1_BC75_TCCACACT","01-046",-0.0921252787670425,-0.128967431277429,-0.340644382598606,-0.133673701340834,-0.0949338934175478,-0.0303703704850159,0.00577725695891895
"tetramer_p1_BC74_TCGAACCG","01-046",-0.0286351594197995,0.0857062497962081,-0.0953848477527407,0.0334845374340471,-0.166879491441716,-0.105983960481978,-0.117651540228567
"tetramer_p1_BC56_TCGCTACA","01-046",0.00671043731541832,0.072336609179002,-0.205117974867735,0.121016232165743,0.035411904962948,0.172000059561884,-0.0497972121551165
"tetramer_p1_BC63_TCTATGGT","01-046",-0.0694381137728323,0.0246786557323881,-0.215710404454547,0.20473736525351,-0.202271786584718,-0.185125467617162,-0.199581690593929
"tetramer_p1_BC10_TCTCACAC","01-046",0.29895667290281,-0.119005823596231,-0.490933949436445,0.622129735036874,-0.0578264093951799,-0.0549787789177832,0.332634345729885
"tetramer_p1_BC55_TCTGGGCA","01-046",0.0203231743087684,-0.147686534949746,-0.292324587901324,0.131174038596464,-0.118290792704709,0.00620274015514319,-0.011334098051209
"tetramer_p1_BC9_TGAATACC","01-046",0.0564773571767206,-0.0434276225569935,-0.214932197523006,-0.163603704055392,-0.169227244980882,-0.0589769787830223,-0.0441749387967697
"tetramer_p1_BC80_TGAGCATA","01-046",-0.140237681592269,-0.188828752943234,-0.374194404114207,-0.131464563734361,-0.191630924944549,-0.12697778252,0.018870422972342
"tetramer_p1_BC52_TGATGTAG","01-046",0.0842429203609204,-0.138604992905496,-0.239688748921449,0.0183797879640007,-0.127027873127233,-0.110267403772446,-0.0990933895794389
"tetramer_p1_BC62_TGCGACAT","01-046",0.114109881111768,0.0339329288318572,-0.362268883647341,0.224502610337132,-0.228711151753938,-0.177661045879109,0.0862817920216026
"tetramer_p1_BC7_TGCGTAGG","01-046",0.416554478311629,0.0743160718964886,0.00943955987409478,0.522106444946322,0.00585230509419943,-0.0582100196613795,0.176505115030811
"tetramer_p1_BC25_TGCTCTCA","01-046",-0.041306104070787,-0.0643094907593945,-0.0680064922450529,-0.016593269924743,-0.102178456924107,0.0176147429133593,0.113782548274721
"tetramer_p1_BC88_TGTTAAGC","01-046",0.194079517492327,0.020292472506431,0.11786081723,0.462113217843622,0.194212647912919,0.0148540775909401,0.136417501137664
"tetramer_p1_BC81_TTAGACGC","01-046",-0.00926788919842381,0.0389570721804118,0.53589738885465,-0.178913983179232,-0.0654520814177231,-0.0826503670108966,0.231587988393269
"tetramer_p1_BC79_TTTGTGTC","01-046",0.104608394982769,-0.000414374970131443,-0.000273594809561739,-0.0379354317960008,-0.149135627106327,-0.197778752613806,-0.0684370243435306
"tetramer_p2_BC33_AACGAGGT","01-140",0.250748792465765,0.00666458484982066,0.398461355001965,0.0642642471309056,-0.075826382111407,-0.0903551409316375,-0.295925370764112
"tetramer_p2_BC24_AAGTGGCT","01-140",0.216558006228401,-0.0840579780621284,-0.144497507013142,0.319953566493673,-0.121878150142837,-0.135163786677897,-0.274908065948537
"tetramer_p2_BC91_ACCGCTAA","01-140",0.0716426661206953,-0.121634737786957,0.0155883412046164,0.102410449527929,-0.0360374804337444,-0.099904795929229,0.348161206862642
"tetramer_p2_BC37_ACCTCAGC","01-140",0.0268492401452687,-0.0912159380962399,-0.338161067352337,-0.367381672304478,-0.177721921931304,-0.163832556797356,-0.0541230530316135
"tetramer_p2_BC71_ACCTGGAG","01-140",-0.0678149759219638,-0.0239587989183961,0.104224425117073,0.068598918084794,-0.0849162271772011,-0.0757325750055212,0.244681037485642
"tetramer_p2_BC94_ACGTTGTA","01-140",0.0177250410193219,-0.0820713795842159,-0.222144311041057,0.0644796376161704,-0.155678224164935,-0.0781849889904182,-0.0713277217382386
"tetramer_p2_BC23_ACTGTTTG","01-140",-0.0568706965384187,0.0259544818232162,-0.348329904209044,-0.277090467072423,-0.23172441596911,-0.201359443849964,0.247250823646647
"tetramer_p2_BC34_AGCCACCA","01-140",0.0927238851853749,-0.110823923585525,-0.232159042440577,0.12537856717808,-0.0399109721967027,-0.0744836499335042,-0.0853260214954143
"tetramer_p2_BC64_AGGACTTA","01-140",0.243512281873129,0.0106048141091912,0.103384859976536,-0.109176194483389,0.1301268785842,0.152277390329614,-0.307996577353796
"tetramer_p2_BC76_AGGTAAAG","01-140",0.140303196342577,-0.150190028134508,0.280034305916427,-0.0527405721166742,-0.00873987865503897,-0.042929901256641,-0.0040541923387355
"tetramer_p2_BC46_AGTTGTGT","01-140",0.213506303337713,0.120469523538324,0.771054615502289,0.295745546169466,0.267883588379309,0.112279208873332,-0.157753787979966
"tetramer_p2_BC6_ATACAGAC","01-140",0.326565418115049,-0.157204241111961,-0.329234913943282,0.418693259496899,0.055941129200701,0.038171940606697,-0.0663070859765049
"tetramer_p2_BC58_ATGCGACG","01-140",0.308609614969366,0.000275838575588411,0.268276150607687,0.143346761809615,0.0432707178729126,0.116571446596061,-0.131283555211927
"tetramer_p2_BC83_ATTGGAGC","01-140",-0.0956092192549566,0.116880046580459,1.80968435479965,0.103250661000095,0.0457805481401609,0.0573810617414292,0.124712602779094
"tetramer_p2_BC5_ATTTAGCG","01-140",0.214463775518239,-0.0141788608274135,0.110725288197578,0.458045787044558,-0.0598463783007603,-0.067814490259009,-0.265546398013051
"tetramer_p2_BC19_CACACTGA","01-140",0.127496880848245,0.162243688645753,0.454221262903227,-0.0210395024327934,0.465713648933376,0.390133766085238,-0.22976395291211
"tetramer_p2_BC90_CACTTATC","01-140",0.198056356479051,-0.0987829791390112,-0.235151099782454,-0.151764088486166,-0.16862404807286,-0.168705967967345,-0.107244221960051
"tetramer_p2_BC84_CATAGTCG","01-140",0.0339135623337384,-0.0655454002902264,-0.0783857304052784,-0.197875633060714,-0.195227159598399,-0.183117892911399,0.0158431932690891
"tetramer_p2_BC36_CCAGTCCA","01-140",-0.00990845064462906,0.0276057968591605,-0.10612243156251,-0.192302955472178,-0.0422359893806793,-0.0221962747381034,-0.186239328589573
"tetramer_p2_BC69_CCGAGTAC","01-140",0.00995914169012813,0.0348778127390358,-0.274206543150764,-0.174591010043771,-0.126603575227518,-0.0825949570403136,-0.210189468504863
"tetramer_p2_BC39_CCGGCGTC","01-140",0.168333664139075,-0.154155213182964,-0.282074422259027,0.0400854217051683,0.060276062804486,0.082827523745079,0.0657450474354228
"tetramer_p2_BC82_CGCTTGCT","01-140",0.0106319096780588,0.180904353670184,1.52876623010913,0.218888287791518,0.466068760408752,0.308901223222027,-0.274555432620949
"tetramer_p2_BC68_CGGAAGTG","01-140",0.0856310763658586,0.022780377589202,0.415191850722587,-0.16564916207787,0.0643921210327442,0.0279926418871727,-0.195545942419195
"tetramer_p2_BC60_CGGGTGAA","01-140",0.0369389493842879,-0.0712878346647403,0.0165782509954048,-0.115210813788952,-0.0583045952392877,-0.0828318614788202,-0.184528415945798
"tetramer_p2_BC32_CTAATGCG","01-140",0.247314383640561,-0.138906496335537,-0.315294002352761,0.263919334228723,-0.0168914628650178,-0.0959853040712658,0.395556170568468
"tetramer_p2_BC48_CTGTCATT","01-140",0.0165620097719513,0.00878951260620117,-0.271389350350758,-0.126181739216798,-0.211314454078796,-0.117908212315435,-0.295972825214133
"tetramer_p2_BC54_GAAGACTT","01-140",0.152591107555316,-0.0447823307989482,-0.266133680933716,0.254315273615938,-0.0895481844192507,-0.140403158331046,0.0464459544208645
"tetramer_p2_BC15_GAATGAGT","01-140",0.0504698839427933,-0.0333431936663554,0.095025419535521,-0.179110692212683,0.0728826582094029,0.107172334191501,-0.141769172705344
"tetramer_p2_BC59_GAGGGTAG","01-140",0.147932985177282,-0.0911022063017228,-0.418975781365729,-0.0049344788638519,-0.112716508286712,-0.100405812859037,0.0984949497437291
"tetramer_p2_BC18_GAGTCCTG","01-140",-0.0253053324815846,0.0567975727067574,0.314086060429815,-0.0708418825932337,0.0470482916528719,0.0915518971289071,-0.171883927550362
"tetramer_p2_BC13_GATGTCGA","01-140",0.057528817134547,-0.123748190682325,-0.262014680816239,-0.148476013730625,-0.0386371072385102,-0.0907304049971796,-0.237916816867932
"tetramer_p2_BC3_GCACGTCA","01-140",0.251966763262275,-0.0190729242273335,-0.166617946404026,0.535434294503691,-0.141448159053077,0.080025395319295,0.189236448529731
"tetramer_p2_BC96_GCATTTGG","01-140",0.0804731230323196,-0.114731888954599,0.240588006183144,-0.30464195711948,0.0238641842930037,0.0199339796381069,-0.207297864299985
"tetramer_p2_BC61_GCCATCTT","01-140",0.137058060855687,-0.101433473205132,-0.211027457232094,-0.0727258374184216,-0.057494134125258,-0.0260919858606407,-0.207701451248869
"tetramer_p2_BC21_GGACCTTT","01-140",0.0925130324862022,-0.0176143222313658,0.163852192863468,0.132617844276023,-0.0864746014892494,-0.0939949566103328,-0.0301186918649404
"tetramer_p2_BC43_GGATTGAC","01-140",-0.0214749507308437,-0.0804840417968193,-0.181755542572171,-0.247724697625547,0.00238909572159673,-0.0671763801880071,-0.189157546250225
"tetramer_p2_BC86_GGGACAAC","01-140",0.150493217494154,-0.0706407009454243,-0.245658383332044,0.0954824304265199,-0.0581189196319466,-0.126883691209491,-0.120031658468253
"tetramer_p2_BC51_GGGATTGT","01-140",0.0282377626416283,0.135053983959706,0.696585725754603,-0.247456117050234,0.09464753596413,0.200098416934876,-0.131658890853718
"tetramer_p2_BC38_GGTGGACT","01-140",0.00770304164776059,0.213182291884268,0.109504125457634,0.0887308008541955,-0.00724538355685939,-0.0199632799271976,-0.246713048738178
"tetramer_p2_BC42_GTAGAACG","01-140",0.0155766959071047,-0.0220784031243788,0.0154570987622392,-0.246798956304571,0.101403896100463,-0.0357880265765113,-0.257506353556305
"tetramer_p2_BC95_GTCTGCCG","01-140",0.0600854144421406,-0.00188152949923473,0.0954860220931799,0.10458339839688,0.125132117951155,-0.0163190752769063,-0.266171397490303
"tetramer_p2_BC57_GTGTTAGC","01-140",0.136703091863097,0.171787237189418,-0.192154090603306,-0.020945913311207,-0.117036937942411,-0.0984476512343127,-0.0133560712714139
"tetramer_p2_BC20_GTTACAGG","01-140",-0.0190227108351438,-0.103828317387975,-0.346153860440531,-0.110699829984862,-0.120220310461901,-0.0737320684669461,-0.185761470400576
"tetramer_p2_BC40_TAACTCCG","01-140",0.00245082554958037,-0.08531682453842,0.433828777530597,-0.0822211794938632,0.0972020849695558,0.0383482006449669,-0.191051427852932
"tetramer_p2_BC92_TAAGGTCC","01-140",-0.0534068676579264,0.119721108038331,0.595283722107237,-0.17188981046196,-0.070294761524448,-0.112931825588824,-0.106819105202579
"tetramer_p2_BC89_TACGCCTC","01-140",-0.143795742917706,-0.0277679505004343,0.286266587806375,0.0375643727393263,0.0678258056245988,0.0890303974780437,-0.278977460295593
"tetramer_p2_BC22_TAGACTAT","01-140",0.254334057383795,-0.0415349318943874,0.101954529970111,0.156025755401492,-0.101907879391959,0.0284144715347059,0.037312477814384
"tetramer_p2_BC30_TCACCCGA","01-140",-0.136802959242632,0.204575408252873,0.399410807036063,0.153978035347245,0.117362049036016,0.0532019092634146,0.020661921958902
"tetramer_p2_BC75_TCCACACT","01-140",0.279017463176872,-0.199355448092711,-0.369213433350615,0.121494875721718,-0.229359481965221,-0.117239281295124,-0.208890107307574
"tetramer_p2_BC74_TCGAACCG","01-140",0.296180335992768,-0.0081766979017221,0.255195912295587,0.0235769798957864,-0.0978154955989279,-0.108469817088265,0.0166055578074469
"tetramer_p2_BC63_TCTATGGT","01-140",0.0359536248478985,0.0495861034796242,0.332419996012018,0.120443086503757,-0.0148433552471595,0.0283134923507845,0.0402157693174781
"tetramer_p2_BC55_TCTGGGCA","01-140",0.313083867815789,-0.0683404477758864,-0.106603573853734,-0.195035375677672,-0.0624486699588694,0.0395924614422215,-0.0989870858342847
"tetramer_p2_BC80_TGAGCATA","01-140",-0.0577221770033006,-0.036748759919784,-0.330570305858005,-0.195185325309528,-0.160192402537715,-0.0674032943875495,-0.283743518907647
"tetramer_p2_BC52_TGATGTAG","01-140",0.215055917537479,-0.0783468525311128,-0.29106651710969,-0.162523133288498,-0.0466681509932733,-0.0972910925871691,-0.128910027069641
"tetramer_p2_BC62_TGCGACAT","01-140",-0.0528822982959771,-0.158736721584034,-0.276791334898385,-0.25420125855646,-0.125450133983601,-0.0380579239495754,-0.267676143042284
"tetramer_p2_BC7_TGCGTAGG","01-140",0.0959477188159418,-0.0416282253974171,0.367593008161276,-0.0030707410647261,-0.0390305360932357,-0.0800460587095707,0.212336795434526
"tetramer_p2_BC25_TGCTCTCA","01-140",0.0566386944344243,0.132108499874162,-0.16580472820194,0.197341552824151,-0.138395206243005,-0.126594353932738,0.016842865623386
"tetramer_p2_BC88_TGTTAAGC","01-140",0.00806446493252239,-0.107894709073104,-0.0483269201539003,-0.353034841747115,-0.0874219396907944,-0.114844303981986,0.155206964606067
"tetramer_p2_BC14_TTACGGGT","01-140",-0.126199483856389,-0.042678734512514,0.991747571213007,-0.273993800231323,-0.00538488347886257,-0.00856391078722063,-0.216827832399573
"tetramer_p2_BC81_TTAGACGC","01-140",-0.133323063986876,-0.0281335784658598,0.809434043045628,0.0145117752947476,-0.115421308109069,-0.0645695815463449,0.10182720544911
"tetramer_p2_BC53_TTCGCTGT","01-140",0.277240599203663,-0.0108234127996784,-0.396633504792432,0.32636647350366,-0.148505483885832,-0.0382671283148994,-0.248384716101005
"tetramer_p2_BC79_TTTGTGTC","01-140",0.24739276183033,-0.0864268385641057,-0.0560446947792847,-0.229482985291844,-0.0970336750185676,-0.116822234747936,0.283451653044324
"tetramer_p3_BC49_AACATTCT","01-051",0.0766969800711014,-0.127926342918962,0.265620046043443,-0.228931153046425,-0.177845775343321,-0.107740526464843,-0.287439415604819
"tetramer_p3_BC33_AACGAGGT","01-051",-0.0448153815111446,-0.0262506991735308,0.419153449675583,0.221683290902242,-0.0571815930607168,-0.0795099529537903,-0.174033596016933
"tetramer_p3_BC47_AAGCACAT","01-051",0.109144277496587,-0.119127863052212,0.917282308147947,0.0298144727351736,0.283985014382893,0.159559046511675,-0.211317609953484
"tetramer_p3_BC24_AAGTGGCT","01-051",0.0338721760398508,-0.0438658192716221,-0.246490854049174,-0.276409568456618,-0.109850260813696,-0.114644960670532,-0.0897471644482306
"tetramer_p3_BC41_ACACCGTG","01-051",0.0694928336373694,-0.104800121101544,-0.101780623709269,-0.314647974381546,-0.164401305948624,-0.156275525087075,-0.143545765047186
"tetramer_p3_BC78_ACAGGCAT","01-051",0.0487068440621504,-0.0503520143205861,-0.355106671068475,-0.122144759502082,-0.148748372860631,-0.105270453085983,-0.127888936012467
"tetramer_p3_BC91_ACCGCTAA","01-051",0.00518247837529329,0.00171356351924232,0.0940988635235626,-0.136148721288428,-0.0782052824834987,-0.127026206395168,-0.279018134307187
"tetramer_p3_BC37_ACCTCAGC","01-051",-0.0203568669431578,-0.00705596308058248,0.473353888835174,-0.0643216235185874,0.164081787590996,0.13528141773831,-0.275634978705883
"tetramer_p3_BC71_ACCTGGAG","01-051",0.0265554008046294,-0.0418947979687992,0.748407973031085,-0.213746725568601,-0.0178740121369536,-0.00121890036919134,-0.322111362945588
"tetramer_p3_BC94_ACGTTGTA","01-051",0.0417728009904496,-0.0700217959343492,-0.020741398373655,-0.146106063523389,-0.16292262528188,-0.16285196118409,-0.295765271812632
"tetramer_p3_BC66_ACTAGCGA","01-051",0.0980177105333712,-0.00149461170874557,0.188180686978624,0.0313887390742934,-0.00809487392804226,0.0141355095040335,0.083324311837073
"tetramer_p3_BC23_ACTGTTTG","01-051",0.059009170404689,-0.11671906564656,0.0177994420336837,-0.099423056616174,-0.100734612067083,-0.13079430069708,-0.193194701089851
"tetramer_p3_BC2_AGACTCGT","01-051",0.280758996136421,-0.172735869359713,-0.300668753404983,-0.261189145650395,-0.154746847739664,-0.169106383493215,-0.30746425848042
"tetramer_p3_BC17_AGAGATCT","01-051",0.220045710779693,0.0758012553684032,0.125331979241421,0.119218792636638,0.541515983934994,0.290242418663116,-0.300795604328279
"tetramer_p3_BC34_AGCCACCA","01-051",-0.0364340483470171,-0.131093027911217,0.0941266084023937,-0.0763650527219574,-0.114748020412621,-0.0445224994223704,-0.206827825620655
"tetramer_p3_BC29_AGCTCCTT","01-051",0.0200727518972098,0.0653320003014036,-0.115899678257246,-0.102508432745698,-0.181688676989055,-0.0762489344577758,-0.162724405160181
"tetramer_p3_BC64_AGGACTTA","01-051",0.175202873183301,-0.0634975530207764,0.246175920562147,-0.104942540672796,-0.18760095404407,-0.214075691185004,-0.286965695280323
"tetramer_p3_BC76_AGGTAAAG","01-051",0.157816213085093,-0.00454292124218691,0.092251223124192,0.0147178497088898,-0.146411471764657,-0.117478992525374,-0.300899783423556
"tetramer_p3_BC46_AGTTGTGT","01-051",0.274551192582394,-0.0572267898796588,0.252023341156909,-0.0494895079181137,0.0297303810365519,0.00164024808830515,-0.322457225675128
"tetramer_p3_BC6_ATACAGAC","01-051",0.106775877640563,-0.0612364377760942,0.053928526832201,0.0834323817916793,-0.193997852422922,-0.0362706818533313,-0.258563394216265
"tetramer_p3_BC58_ATGCGACG","01-051",0.114091550672158,-0.107743511491719,-0.342134679236878,-0.120666808034812,0.0261861888358096,-0.0434344330925872,-0.143595817001931
"tetramer_p3_BC73_ATTCCTAG","01-051",0.173237571940188,-0.0773346556086414,0.372721960447038,-0.229636609055414,-0.0838455175389413,-0.11289207140967,-0.26463905241964
"tetramer_p3_BC83_ATTGGAGC","01-051",-0.0669035522339069,-0.105998524860078,0.0197363348923349,-0.120416454456252,-0.0951030293241723,-0.071749257627006,-0.0969198569045246
"tetramer_p3_BC5_ATTTAGCG","01-051",0.251759268371214,-0.0565140110270831,-0.243718934949595,-0.000252265437124255,0.00177783002554346,-0.0963349093680153,-0.211881326054816
"tetramer_p3_BC19_CACACTGA","01-051",0.152138906764031,-0.0874909859660731,0.263277793982924,-0.114196845063058,0.0454746429866172,-0.00717717044811272,-0.261080737627642
"tetramer_p3_BC90_CACTTATC","01-051",0.175049177029406,-0.016667282615284,0.300994648545205,0.135319640121876,-0.0832182169999506,-0.0290153370041089,-0.30353920817062
"tetramer_p3_BC84_CATAGTCG","01-051",0.00200821242584315,-0.0693328789044109,0.210300775815067,-0.193615580812705,-0.0753191303149933,-0.136098765771484,-0.253973894610847
"tetramer_p3_BC72_CATGGGTT","01-051",0.0368338963506636,-0.0806944154532551,-0.325441649281381,-0.0655095810497515,-0.200115834504712,-0.16339486605112,0.144636180157363
"tetramer_p3_BC36_CCAGTCCA","01-051",0.177990810299291,0.0813125595443849,0.0473437178167579,-0.0136419071907538,0.266704937244637,0.0777858228526863,-0.178458636630835
"tetramer_p3_BC69_CCGAGTAC","01-051",0.0996884305166434,0.0537538144682818,0.518548339112696,-0.084048892660928,0.393876290079,0.268845954005894,-0.260980425804934
"tetramer_p3_BC65_CCGCTCAG","01-051",-0.0787599778364444,-0.043160776172668,-0.19327451290084,-0.0706872571746371,-0.151478030403995,-0.0383848749086044,-0.320508155088979
"tetramer_p3_BC82_CGCTTGCT","01-051",0.232117448700848,0.0230846709118567,-0.256467213024089,0.00477327546230266,-0.0669923130336148,-0.101482534020199,-0.29737364985502
"tetramer_p3_BC68_CGGAAGTG","01-051",0.0847446697472263,-0.0201847487939961,0.505967004372457,0.4554307111135,0.117577908212097,-0.0487295639272665,-0.014583909596079
"tetramer_p3_BC26_CGGCGTGG","01-051",-0.0221505330139821,-0.123720374822286,-0.269967831407069,-0.26998746628751,-0.0326098898220188,0.021318471627132,-0.0772420854613927
"tetramer_p3_BC60_CGGGTGAA","01-051",0.130914142691771,-0.0690132160605612,-0.231862092830213,-0.0218057194923081,-0.0442886470068552,-0.100984423181338,-0.272684787204845
"tetramer_p3_BC1_CGTCTAAT","01-051",0.298437715211161,-0.0539048148256231,0.113676172729396,-0.0295380669330396,-0.234040967772858,-0.182026540498414,-0.295807565061156
"tetramer_p3_BC32_CTAATGCG","01-051",0.401229083572418,-0.191826674794093,-0.332411346092231,0.412253101126027,-0.0909944532117098,-0.114084097134068,-0.0185934673708175
"tetramer_p3_BC48_CTGTCATT","01-051",0.280020332940244,0.229063571124383,0.575365760386052,0.280348671241114,0.355492060269837,0.202565972199872,-0.310860343838654
"tetramer_p3_BC16_CTTTGACA","01-051",-0.0434300653882153,-0.114109643998785,-0.18514128463779,-0.184773078811284,-0.15083471643055,-0.0629759172588008,-0.228978258786774
"tetramer_p3_BC93_GAAAGGTG","01-051",-0.0773885767637673,0.00762550031118178,-0.0634693958204439,-0.21377373691281,-0.0551014051068176,-0.122352369863244,-0.253293821864651
"tetramer_p3_BC54_GAAGACTT","01-051",-0.0150463072599175,-0.0981378397799742,-0.0685276499737207,-0.0758115817122396,-0.0682982822300385,-0.0754016283289914,-0.214016613640427
"tetramer_p3_BC15_GAATGAGT","01-051",0.114493838090014,0.0234771985630717,0.854249024039606,-0.18563975318285,-0.035666236393609,-0.0837456075746243,-0.0251522335179904
"tetramer_p3_BC59_GAGGGTAG","01-051",0.284415132513365,0.169177102835624,0.843044225114496,0.133104615273382,0.213123054174182,0.103013040997293,-0.326877695415272
"tetramer_p3_BC18_GAGTCCTG","01-051",-0.0264575098642543,-0.0869275628287476,0.392777933573543,-0.0846719772498655,-0.188636600932602,-0.0747862105469966,-0.247494392386808
"tetramer_p3_BC70_GATCTGAG","01-051",0.0963158191834256,-0.0509029874477121,0.0470043099088793,-0.121254699757568,0.204813052651418,0.135998869566015,-0.314340184499037
"tetramer_p3_BC13_GATGTCGA","01-051",0.222596915883094,-0.0871675649186302,-0.0419734348873193,-0.293090437962153,-0.0852735069188423,-0.076992716634943,0.00377971996944199
"tetramer_p3_BC3_GCACGTCA","01-051",0.0792360966245123,-0.0724251486763771,-0.0624106734218189,0.541152122639109,0.234409658510578,0.105904809769704,-0.174831673873716
"tetramer_p3_BC96_GCATTTGG","01-051",-0.115401421428094,-0.109179936886115,0.264124750784856,-0.342215724983505,-0.110134471000312,-0.127841096636087,-0.243607231973027
"tetramer_p3_BC61_GCCATCTT","01-051",0.194019910876925,0.0597787706293872,-0.0239999284690659,0.156508441927608,-0.0584687536453171,-0.114787874049578,0.062883686446564
"tetramer_p3_BC43_GGATTGAC","01-051",0.0970500200213331,-0.0420218415041353,0.0648597753845913,-0.102044983160858,-0.0507632929380301,-0.116551434986699,-0.123111948505888
"tetramer_p3_BC86_GGGACAAC","01-051",0.0411168939121766,-0.14044207907941,0.930762288949369,-0.193549341677241,-0.126637459804531,-0.177367068348616,0.200688641382324
"tetramer_p3_BC51_GGGATTGT","01-051",0.267804878459073,-0.115708418628037,-0.1930049592807,-0.0178570096844809,0.0566102973688588,-0.00693405449183612,-0.252308183687144
"tetramer_p3_BC38_GGTGGACT","01-051",0.106655059254768,-0.0393890641723935,0.0926476423045959,-0.00913093585445585,-0.00335285438467289,0.0293484068075943,-0.248970515419381
"tetramer_p3_BC67_GTAACTCC","01-051",0.194258260934594,0.094175323766068,0.560940799154206,0.292149773413849,0.672280729587943,0.45202065757816,0.178210546720888
"tetramer_p3_BC42_GTAGAACG","01-051",0.160515244075794,0.128029801283189,-0.166649134673561,-0.209100523984134,-0.148155731539937,-0.163511684116234,-0.110547176870641
"tetramer_p3_BC28_GTCATTAG","01-051",0.0278668190870477,0.0187711041720071,-0.196476539302691,-0.0759978284143521,-0.159719334494815,-0.152552231661299,-0.000512720992287191
"tetramer_p3_BC95_GTCTGCCG","01-051",0.236645259967849,-0.0515548321810738,1.03948791124875,-0.0469106843718131,0.212133718845629,-0.0378323813258945,-0.141717415439863
"tetramer_p3_BC57_GTGTTAGC","01-051",-0.053156956936275,0.0750624747627412,-0.28712794625447,-0.339795506750786,-0.123146551479544,0.0229326526483017,-0.0414885480436238
"tetramer_p3_BC20_GTTACAGG","01-051",-0.0195889443976042,-0.142025414878556,0.00515122729997347,-0.371061905849431,-0.13697183437213,-0.0879186072485888,-0.18705648215086
"tetramer_p3_BC31_GTTGCCAC","01-051",0.0136911829022257,0.0181425659760378,0.243236513973737,-0.13047457897798,-0.137090747952643,-0.050578829261945,-0.240214738089396
"tetramer_p3_BC40_TAACTCCG","01-051",-0.00405660083035483,-0.0878097814808087,-0.192070732425225,-0.172952890102391,-0.144854099893151,-0.131267930536992,-0.136319227545601
"tetramer_p3_BC92_TAAGGTCC","01-051",0.0353318946297664,-0.142044290770394,0.150749079961946,-0.0406021754625872,0.0526524984341007,-0.102456215220297,-0.200171058917704
"tetramer_p3_BC89_TACGCCTC","01-051",0.0784481453347493,-0.141727550226666,-0.0683761415090433,-0.021140187241017,-0.133698352560363,-0.0725112385141878,-0.120002420102265
"tetramer_p3_BC22_TAGACTAT","01-051",0.127828847879638,0.0522644807846359,0.397158806368044,-0.0294237365591374,-0.0996277551099646,-0.158093493880122,-0.34195549528945
"tetramer_p3_BC77_TAGGCGCG","01-051",-0.00457903737054799,0.0892946426516185,0.070824075497267,-0.135101821356192,0.0255072907732466,-0.0140860195595708,-0.0178953607151685
"tetramer_p3_BC35_TAGTGAAC","01-051",-0.153127562855621,-0.0727695666724621,0.13608909653527,-0.238898840180102,-0.134457795445511,-0.12240743348047,-0.28545099975795
"tetramer_p3_BC4_TCAACGAC","01-051",0.32365955890959,0.0184229438691216,-0.250394726627174,-0.0908492163567622,0.0252164061892501,0.0952070046135425,-0.0339645332695754
"tetramer_p3_BC30_TCACCCGA","01-051",0.101780290394847,0.0635229085707078,-0.175197808671201,-0.132240769578625,-0.133349387674609,0.0657645694518669,0.0930139677079775
"tetramer_p3_BC75_TCCACACT","01-051",0.112982301533536,-0.102606366443155,-0.056790211244676,-0.016687078557256,-0.0910462591423702,-0.0833295086354469,-0.325725427795525
"tetramer_p3_BC74_TCGAACCG","01-051",0.0559955170937555,-0.135175645655881,-0.0322262513169694,-0.212799676554982,-0.178072013631583,-0.152165772686096,-0.253576444675856
"tetramer_p3_BC56_TCGCTACA","01-051",0.139685386105398,0.0733099543645893,0.0515027980993578,0.00665199450542497,0.185280748978408,0.244155304944077,-0.299350340396353
"tetramer_p3_BC63_TCTATGGT","01-051",0.32422406011422,0.00168806161511662,-0.0998267296315032,0.169404489269388,-0.180924959809588,-0.176361402364628,-0.20451139486833
"tetramer_p3_BC55_TCTGGGCA","01-051",0.267557473317631,-0.0970506947211919,-0.12934124166312,-0.124882059723888,0.145226863810119,0.114679313534065,-0.00563464566201011
"tetramer_p3_BC9_TGAATACC","01-051",0.10750367543331,-0.123306885263307,0.0753011006483782,0.193397922201427,0.0617813364544879,0.00305524072941693,-0.171548524539281
"tetramer_p3_BC80_TGAGCATA","01-051",0.0951882438818013,-0.101273003049533,0.329896114700054,-0.253515962426586,-0.0150441278394457,-0.0271797297474567,-0.182388384461286
"tetramer_p3_BC52_TGATGTAG","01-051",0.220445733172728,0.130017969680757,0.740551852389242,0.134770437947534,0.504913013316579,0.369045686534431,-0.318499986540623
"tetramer_p3_BC62_TGCGACAT","01-051",0.107518341066327,0.0473140334775123,0.252811403310358,-0.121677450901125,-0.168576613260356,-0.220542012904209,-0.278528703594705
"tetramer_p3_BC25_TGCTCTCA","01-051",0.111133719188169,-0.107188255503775,0.163234448594767,-0.155342642510257,-0.146798001398011,-0.0641288539485831,-0.28284726394486
"tetramer_p3_BC8_TGGAGCTC","01-051",0.509982202382182,-0.137407080927315,0.317903194253845,0.13567572219714,0.0320748187403745,-0.129732209515227,0.294202485385524
"tetramer_p3_BC88_TGTTAAGC","01-051",0.0371939250104029,-0.00177850247056791,0.0342627686532767,-0.197434547499366,-0.0891072110974987,0.0433117719004819,-0.184053210629232
"tetramer_p3_BC14_TTACGGGT","01-051",0.0743911709548115,0.0586010859673696,0.456165674226848,-0.117693138803244,0.746502124849105,0.488904077135277,-0.166256738075579
"tetramer_p3_BC81_TTAGACGC","01-051",0.0297323521945395,0.00639144806906669,0.150072212883261,-0.153501666051249,-0.113276109088039,-0.143277619030689,-0.00591085250775467
"tetramer_p3_BC53_TTCGCTGT","01-051",0.151065085612901,0.108146567113016,-0.197538122261237,-0.180578665568106,-0.191639650283968,-0.172354937203446,0.022487162206151
"tetramer_p3_BC45_TTCGGAAA","01-051",0.145000261321254,-0.017043243660416,-0.351492351038813,-0.0449638737533419,-0.00962925569655274,-0.076944507185493,-0.0259986364096195
"tetramer_p3_BC79_TTTGTGTC","01-051",0.00357348768876675,-0.0988517352724212,-0.316174202568194,-0.280158762494091,-0.0732546702554367,-0.0775569903825072,-0.00315578865884875
"tetramer_p7_BC49_AACATTCT","01-018",-0.157717246267152,0.0185129256242427,0.108463979949061,0.0591881962312147,-0.0560570312869026,-0.0483673796951065,0.012915447854728
"tetramer_p7_BC33_AACGAGGT","01-018",0.103847101273339,0.2604145132966,0.380243440877937,0.211799221362047,1.06917308502881,0.903105697072023,-0.29816415037993
"tetramer_p7_BC47_AAGCACAT","01-018",0.134033581035512,-0.0874895064859657,-0.371398570714011,-0.163300399121998,-0.172850643805617,-0.134598687541357,0.0190319614437456
"tetramer_p7_BC24_AAGTGGCT","01-018",-0.0327624528098283,-0.0733725953549026,-0.105460718839952,0.0599214003788073,-0.212066797804777,-0.148086360801482,-0.150702451248452
"tetramer_p7_BC41_ACACCGTG","01-018",0.0713629247624742,-0.110606352074036,-0.0868325562951231,0.315419426219335,-0.0846944507398042,-0.128050074093705,-0.141525006863378
"tetramer_p7_BC78_ACAGGCAT","01-018",-0.00684621801617491,0.199293082140256,0.551699283956968,-0.00414743136370499,0.318649061507103,0.213146835364921,-0.361197856340347
"tetramer_p7_BC91_ACCGCTAA","01-018",0.123254553929642,0.296631851095591,0.323628265624366,0.439198001078398,0.94280749810224,0.751099360032466,-0.163664102998423
"tetramer_p7_BC37_ACCTCAGC","01-018",0.0533947205788347,0.185263214150406,0.145628725271711,0.268004488362235,0.956509211766777,0.842387867426038,-0.222517070405354
"tetramer_p7_BC71_ACCTGGAG","01-018",0.0980747107102044,0.0767142832883835,-0.376818821566215,-0.0607991298855222,-0.188442892829784,-0.133089788344881,0.465617302291224
"tetramer_p7_BC12_ACGATAGG","01-018",-0.0337470884971007,-0.18066770963443,0.0630097017577964,-0.222794900491511,-0.186227268414933,-0.152206375315546,-0.0401674083634427
"tetramer_p7_BC44_ACGTATCC","01-018",0.0576165935318044,-0.0759447920323763,-0.216096235541574,-0.0541202621723139,-0.163457649380115,-0.113271757202561,-0.0642807717285492
"tetramer_p7_BC94_ACGTTGTA","01-018",0.0176359301808636,-0.0724157116267012,-0.426894584901646,0.127253418438789,-0.213103105645904,-0.118174941154565,-0.0422973627401094
"tetramer_p7_BC66_ACTAGCGA","01-018",0.120056085473935,0.0917422958982937,0.239801975011064,0.540315924891149,0.171071360504065,0.112341733398928,-0.167517198110082
"tetramer_p7_BC34_AGCCACCA","01-018",0.0785405508113395,0.00912391950123725,-0.327034979288182,0.131118304634221,-0.206863272773106,-0.0684330039497568,0.171653921933473
"tetramer_p7_BC29_AGCTCCTT","01-018",0.122463603111403,-0.0636261372148374,0.751097883099458,0.126968113478581,0.0712749006720503,-0.0555584658120063,-0.0662717487853318
"tetramer_p7_BC64_AGGACTTA","01-018",0.0388988442468551,0.255862327938498,0.489092533739146,0.434514852902132,1.17810381225865,1.25743278525908,-0.398160674334041
"tetramer_p7_BC76_AGGTAAAG","01-018",-0.0845783811954586,-0.0261179612381773,-0.248249080645103,0.0788560805946062,-0.0665181319184068,-0.00106700695877371,0.237509156890405
"tetramer_p7_BC46_AGTTGTGT","01-018",-0.0658317514780975,-0.0139083187920624,-0.350282848805781,-0.179227168245572,-0.200720005147998,-0.0563340311016013,0.131500895098142
"tetramer_p7_BC6_ATACAGAC","01-018",0.214840145372835,-0.0364100013508916,-0.375101663813434,0.282627194027441,0.0718005885171908,0.0684963456848324,-0.0784154491974344
"tetramer_p7_BC87_ATATTCCC","01-018",0.390027076486477,0.209646671935133,0.923097829575731,0.39718947676563,1.39368779246873,1.05663243875996,-0.308999475942289
"tetramer_p7_BC58_ATGCGACG","01-018",0.13327423827484,0.421334254551254,0.344262766580033,0.604692370200762,1.13008919578355,1.03484022227746,-0.268577341011319
"tetramer_p7_BC73_ATTCCTAG","01-018",0.12593939054734,-0.0489808370013161,-0.275814164701331,0.153674794518236,-0.0593813799590232,-0.0349217139812551,0.0478843035552289
"tetramer_p7_BC83_ATTGGAGC","01-018",0.111787232177369,-0.169594537974022,-0.320934425811204,-0.146501605669239,-0.13411583634197,-0.0484447996322306,-0.0281612103825996
"tetramer_p7_BC5_ATTTAGCG","01-018",0.124000468222344,-0.0716297637889106,0.0992723117836417,0.170526589155874,-0.195272848787558,-0.0293516982947408,-0.181355304142663
"tetramer_p7_BC90_CACTTATC","01-018",0.207003999367247,0.151462640697446,0.359627772267117,0.313394114354818,1.01095736526213,0.755571535487234,-0.288883266682957
"tetramer_p7_BC84_CATAGTCG","01-018",0.0115197472544853,-0.044111660684693,-0.381706067049941,0.0773793909749085,-0.197611477335518,-0.0212985180335951,0.0607991370162679
"tetramer_p7_BC72_CATGGGTT","01-018",-0.0344912283220689,-0.162001266648628,-0.038056362793445,-0.141893109665775,-0.0738080824635807,-0.0664827384783011,-0.0831465328595704
"tetramer_p7_BC36_CCAGTCCA","01-018",0.0224983825147489,-0.041093919848471,-0.0991921443207602,-0.0847226116006058,-0.155243198380492,-0.161470608212754,0.0432530761898238
"tetramer_p7_BC69_CCGAGTAC","01-018",0.0168512529759339,-0.0484880051822906,-0.0617590508741781,0.266578189275059,-0.0954654742101139,0.0122941967324036,-0.133976818028972
"tetramer_p7_BC65_CCGCTCAG","01-018",0.00808295198615588,-0.0475567814272096,-0.351106864782785,0.00831797493474085,-0.288075054964927,-0.167582129052137,0.0274757818956503
"tetramer_p7_BC39_CCGGCGTC","01-018",-0.0360155010956207,-0.139439401207939,-0.296130620133407,0.283443071014119,-0.156655400994572,-0.0573464131836333,0.0994123565427055
"tetramer_p7_BC82_CGCTTGCT","01-018",-0.0543974845888713,0.0094245657443417,0.398965614624797,0.175048496573074,0.0561354328641356,0.0435458224703818,0.0260246674384794
"tetramer_p7_BC68_CGGAAGTG","01-018",0.240881099588296,0.276040100668632,0.849404328961223,0.466649370768654,1.19567506161513,1.04861291167833,-0.120430381574248
"tetramer_p7_BC26_CGGCGTGG","01-018",0.160239568510335,-0.0023119506909039,0.735555064672178,0.0936758421512794,0.112749337977158,0.0577472604307092,-0.150925349047322
"tetramer_p7_BC60_CGGGTGAA","01-018",0.166091062114374,0.235029137082228,0.988913175116754,0.551558107168602,0.930564052948268,0.748765068095491,-0.133757246720836
"tetramer_p7_BC32_CTAATGCG","01-018",-0.0697939619307038,-0.118806829573721,-0.460282647092813,-0.0312480954720096,-0.197304670059456,-0.134606546981347,-0.101583789138344
"tetramer_p7_BC50_CTACGCTG","01-018",0.0450142737676686,0.323640343349645,0.86167510130671,0.270709865691887,0.698959732458636,0.669596950256519,-0.306497604015818
"tetramer_p7_BC48_CTGTCATT","01-018",0.0590311395301589,0.178624869710038,0.906206791049503,0.242796117497318,1.14125360141806,0.916884495246278,-0.154860050345725
"tetramer_p7_BC93_GAAAGGTG","01-018",0.205509077743356,0.249369461324272,0.661245184825403,0.533296221210451,0.918490750188622,0.864869193324582,-0.258828574580831
"tetramer_p7_BC54_GAAGACTT","01-018",0.0543144013616577,-0.059499643541089,-0.38919744512607,0.226306945023364,-0.169407654999243,-0.0544264918258324,-0.266452099552492
"tetramer_p7_BC59_GAGGGTAG","01-018",0.0227838397655299,-0.052967883113434,-0.327929369911933,0.605990828893313,-0.00925315144639943,-0.0327499395015875,0.0136175716720946
"tetramer_p7_BC70_GATCTGAG","01-018",-0.0228996403214661,0.0696048353436743,0.544862312832203,0.169297687274671,0.289035821417976,0.169991279357727,-0.355115492576315
"tetramer_p7_BC3_GCACGTCA","01-018",0.155382452916568,-0.0184855143294475,-0.33602109663287,0.540808787722081,0.0458983666215914,0.226704960883052,-0.0707887162682705
"tetramer_p7_BC96_GCATTTGG","01-018",-0.00779079032780566,0.00937296997640788,-0.0673233147307763,0.278987283302966,-0.0613752068547797,-0.0204179846019749,-0.0514414901773587
"tetramer_p7_BC61_GCCATCTT","01-018",-0.0289758319968978,0.228989549289186,0.483777961455672,0.30856282330668,1.03593859048539,0.958061221906696,-0.238601508243514
"tetramer_p7_BC43_GGATTGAC","01-018",0.202487080319159,-0.133017246755887,0.0240424053432998,0.267397179579118,-0.163649136323946,-0.110294759314135,-0.0780547323971865
"tetramer_p7_BC86_GGGACAAC","01-018",-0.0374451846007192,0.127631811422864,-0.24785790930349,0.25527986280069,-0.0214969779095467,-0.0263870683521278,-0.218937417343462
"tetramer_p7_BC51_GGGATTGT","01-018",0.143103397879562,0.224666247033468,0.429841531955295,0.396402672308236,1.36347147313795,1.28895399040176,-0.346684861015502
"tetramer_p7_BC38_GGTGGACT","01-018",0.189173089663689,0.268715670251259,0.481448302310898,0.399935270694503,1.16032514232257,0.934460186352347,9.52785765676589e-05
"tetramer_p7_BC67_GTAACTCC","01-018",0.101497260727731,-0.0544885217389371,-0.259905979442258,0.0807557938869418,-0.292701349621212,-0.12483370272145,-0.324308424390479
"tetramer_p7_BC42_GTAGAACG","01-018",0.103994870682802,0.119932760667121,0.346081887102089,-0.0455283127897501,0.836889673788411,0.86816849245528,-0.117606098514646
"tetramer_p7_BC28_GTCATTAG","01-018",0.0971181457666776,-0.0658026413904809,-0.35826843201178,-0.0719793773798897,-0.153588372756944,-0.00432773264016281,-0.0614514391149172
"tetramer_p7_BC95_GTCTGCCG","01-018",0.112836770004563,-0.0865276176966676,-0.426401313195776,-0.0314479008139621,-0.251396752446137,-0.0999963123049975,0.0107264483757973
"tetramer_p7_BC27_GTGCATGA","01-018",-0.0575227446960763,-0.0291668842332178,-0.357266760441696,0.0483498340309086,-0.236965280709381,-0.072393717043776,-0.293664993890482
"tetramer_p7_BC57_GTGTTAGC","01-018",-0.0199484600071453,-0.00725482090167862,-0.359832870059771,0.109495778877321,-0.183572414535753,-0.115226777797075,-0.0273221837180879
"tetramer_p7_BC31_GTTGCCAC","01-018",-0.0105302519525337,0.14160232682946,-0.0443620591366809,0.251356023237619,0.0761632791285289,0.205800440184214,-0.221351892942138
"tetramer_p7_BC40_TAACTCCG","01-018",0.0334173533572428,-0.0377395895250497,-0.334375421208213,0.162397304896546,-0.189483243377536,-0.13172489340555,-0.110537818602218
"tetramer_p7_BC92_TAAGGTCC","01-018",0.477700126439057,0.0522100289268874,-0.49433873055891,1.25018528053942,0.140834673851815,0.0635178898204694,-0.264681877517162
"tetramer_p7_BC89_TACGCCTC","01-018",0.0960681413894933,0.0851103657323291,0.327412741594123,-0.0872218106544524,0.836706949073334,0.804352946269931,-0.252952800463137
"tetramer_p7_BC11_TACTGGTA","01-018",0.273777573616823,-0.0404705065408667,-0.237462844010567,0.425847534011911,-0.156390817838107,0.0529459921267082,-0.226177539795119
"tetramer_p7_BC77_TAGGCGCG","01-018",0.0910360241950718,0.25550339667661,0.259094697574705,0.192390009946334,1.06964263321871,1.04833683854571,-0.192232417200046
"tetramer_p7_BC35_TAGTGAAC","01-018",0.186694101190452,-0.117323415209978,-0.403711174313269,0.152353769738161,-0.188626017613827,-0.0997587184634667,0.0448373524458168
"tetramer_p7_BC4_TCAACGAC","01-018",0.384094734908432,-0.156585696169697,-0.088642991621288,0.485856536159129,-0.206584273482944,-0.0986001746561034,-0.0243199710624673
"tetramer_p7_BC30_TCACCCGA","01-018",0.102141637777503,0.0967227572688382,-0.325887320346153,0.250117220086878,-0.133027640296716,-0.178090214744931,-0.204126857892101
"tetramer_p7_BC75_TCCACACT","01-018",0.250988025832347,-0.0712205530042556,-0.398183222765815,0.653868081181747,0.069546116539618,-0.128561488262434,0.705183029680075
"tetramer_p7_BC74_TCGAACCG","01-018",0.0904626502404718,0.081199144226077,1.37578012400805,0.163307207319726,0.312815227523748,0.134555485046504,-0.256589672552894
"tetramer_p7_BC56_TCGCTACA","01-018",0.00142550553064552,0.0187664069258265,0.806642229774602,-0.0574914678514195,0.361828399816166,0.277523543921081,0.388053272837511
"tetramer_p7_BC63_TCTATGGT","01-018",0.11927288115534,-0.0798771163624644,-0.244311598825317,0.540646031851158,0.0148148666922522,0.0185014536398778,-0.198491035180579
"tetramer_p7_BC10_TCTCACAC","01-018",0.199045284766562,0.0182070709133568,-0.212239009707909,0.690113940550013,0.0637161843940129,0.112337961717606,-0.274044635906947
"tetramer_p7_BC55_TCTGGGCA","01-018",0.0923781542009726,0.182217370521044,0.523990886255011,0.00632203965553579,0.527479015422982,0.524250025001245,-0.098626575878808
"tetramer_p7_BC85_TCTTGCTG","01-018",0.0447449586121276,0.239252772501496,0.577590340697102,-0.111000322520797,0.533717484107766,0.509562511267554,-0.160798823162904
"tetramer_p7_BC9_TGAATACC","01-018",0.114566726223012,-0.122009053364506,0.151099240074563,0.322017717891077,-0.0838932626646258,-0.00110958722464946,-0.056986225319285
"tetramer_p7_BC80_TGAGCATA","01-018",0.0919721289824908,0.0689958635071141,-0.430223367912742,-0.00486462514604646,-0.255387047525589,-0.165367426538369,-0.0872993096450689
"tetramer_p7_BC52_TGATGTAG","01-018",0.092059143247312,-0.073582407687654,-0.179521144342706,0.00686429032884361,-0.137298487292907,-0.10813022844822,-0.076769975964435
"tetramer_p7_BC62_TGCGACAT","01-018",0.116223515986231,-0.100560672284592,-0.279655256484524,-0.232311030407063,-0.162451932198703,-0.157921464485358,-0.151678198828184
"tetramer_p7_BC7_TGCGTAGG","01-018",0.278813091493487,-0.123448298900546,0.272183305480346,0.429911681474202,0.0778250003227043,0.0117029780366852,-0.0276209913411159
"tetramer_p7_BC25_TGCTCTCA","01-018",-0.0442776315059673,-0.0936314434430894,-0.398214783633793,-0.0349173310821048,-0.171282561968223,-0.117493437277978,0.277048165523441
"tetramer_p7_BC8_TGGAGCTC","01-018",0.0646605595757651,-0.0920040831910445,-0.201281169650687,0.431248075018609,-0.0434032468933753,0.00984014112530962,-0.0845706877023317
"tetramer_p7_BC88_TGTTAAGC","01-018",0.179261456001801,0.270295174722615,0.779140622828165,0.195042803892997,1.13817966131735,1.12226753262764,-0.293978331061647
"tetramer_p7_BC81_TTAGACGC","01-018",0.165472162331835,-0.0802928197489312,-0.40273845666575,0.0249360048170559,-0.232001091753936,0.000831645038327583,-0.218889524463435
"tetramer_p7_BC53_TTCGCTGT","01-018",-0.0849560446861162,-0.0396492764513635,0.232324678378185,0.127054365878253,-0.0905787862042092,-0.182228233234232,-0.0333527527711035
"tetramer_p7_BC45_TTCGGAAA","01-018",0.132274807259055,-0.198625367845036,-0.0326179248456464,0.411822244028377,-0.0876242545644864,-0.10020302578468,-0.281271507059833
"tetramer_p7_BC79_TTTGTGTC","01-018",0.289018551887006,0.0471107917104484,-0.254982752699662,0.878094466713283,-0.0620891239850714,-0.0911861187307904,-0.224095895989686
"tetramer_p5_BC49_AACATTCT","01-004",0.206549908813736,0.0940664785673271,0.112321085528492,0.579238290589974,0.0280497375666678,0.023926005771458,-0.106695673848494
"tetramer_p5_BC33_AACGAGGT","01-004",0.148367604985346,-0.0873062486659875,0.0128408895719707,0.410072118548714,-0.23147091061293,-0.225924593590293,0.0545957727271025
"tetramer_p5_BC47_AAGCACAT","01-004",0.234590686851037,-0.0740816410829322,0.0584863465192936,0.328335315712221,-0.0178395733956121,-0.187159933751924,-0.212607937079372
"tetramer_p5_BC24_AAGTGGCT","01-004",-0.0207136466100541,-0.0430341267768079,-0.315068369690172,-0.141012927039427,-0.173961929442149,-0.085340862564923,-0.0346210230285864
"tetramer_p5_BC78_ACAGGCAT","01-004",0.0234453830340673,-0.0589137256431255,0.201111739040386,-0.218383243905405,-0.00946890486968943,-0.00355193951680058,-0.248025010302386
"tetramer_p5_BC91_ACCGCTAA","01-004",0.0857975836851743,-0.0229322862387688,-0.0259534427074755,-0.000366347133326728,0.0510896664422497,0.176582313439588,-0.261955471270667
"tetramer_p5_BC71_ACCTGGAG","01-004",0.149335998563969,-0.0361489690842255,0.14840495575274,0.117637748615648,-0.0720774029587152,-0.121049810584887,-0.021194430527172
"tetramer_p5_BC12_ACGATAGG","01-004",0.078002112568976,-0.207865347876927,-0.0443638732022497,0.186032463959993,-0.148834096106975,-0.093384482038365,-0.183138839884401
"tetramer_p5_BC94_ACGTTGTA","01-004",-0.192374935130256,-0.033005460461759,0.0664483808358478,-0.0423978650928362,-0.237059981591907,-0.160041119727174,-0.136187237539988
"tetramer_p5_BC66_ACTAGCGA","01-004",-0.0235590648865165,0.0545794327599876,-0.0991321833965514,0.0474318900752869,-0.214005059563736,-0.0684864784594668,-0.117200505926531
"tetramer_p5_BC23_ACTGTTTG","01-004",0.29983191687861,0.0886173080534475,-0.247782156169156,0.778695943953113,-0.037286071245133,-0.134664764621199,-0.218381378536683
"tetramer_p5_BC2_AGACTCGT","01-004",0.327882065626003,-0.00956644554475727,0.949286806186226,0.653199939184593,0.18501773830228,0.157512642121183,-0.353118992596091
"tetramer_p5_BC17_AGAGATCT","01-004",0.279750893214535,-0.0557120084543627,-0.0324297052881474,0.280515416345796,-0.156086051972912,-0.144353164533664,-0.143803205409434
"tetramer_p5_BC34_AGCCACCA","01-004",0.395911170257549,0.017027552931754,0.219291007607306,0.485644058733619,-0.0893391051792277,-0.109039265172725,-0.0343374517516544
"tetramer_p5_BC29_AGCTCCTT","01-004",0.118154761870241,-0.0492842476539393,0.115335476645929,-0.0279855977434442,-0.104462179351264,-0.136592151487282,-0.353292566004252
"tetramer_p5_BC64_AGGACTTA","01-004",0.0670226312938302,-0.0448844311283009,0.0254669164535669,0.0181402687772807,-0.171221989187679,-0.0538373465442117,-0.216280219420445
"tetramer_p5_BC76_AGGTAAAG","01-004",-0.0228031782382079,-0.0502542775308038,0.381140427644627,-0.113094359959944,-0.1033046509707,0.0421777860124599,-0.253424059425948
"tetramer_p5_BC46_AGTTGTGT","01-004",0.0116705332875166,0.0254437949855681,-0.403584127325389,-0.0946909032553881,-0.151529705858062,-0.134998837823157,0.254426344445018
"tetramer_p5_BC87_ATATTCCC","01-004",-0.0549081697519993,-0.0111629058140434,0.233502832790939,0.047679586587161,-0.139129273262319,-0.19795675391228,-0.0566226597749779
"tetramer_p5_BC58_ATGCGACG","01-004",-0.00657307741916868,0.0477376479769344,-0.00786353499846576,0.0841526686608277,-0.194424119881609,0.0438127410240507,-0.242817737631594
"tetramer_p5_BC73_ATTCCTAG","01-004",0.0723050948846478,-0.00119117771996763,0.127383052985788,-0.179050160614373,-0.210802611392946,-0.18626123745952,0.0397385571192893
"tetramer_p5_BC83_ATTGGAGC","01-004",0.103553080358593,-0.140182437678239,-0.107842992537867,0.176730483034834,-0.167330004399365,-0.151148283399836,-0.157638819542843
"tetramer_p5_BC5_ATTTAGCG","01-004",0.331674438558829,-0.104458437225778,0.286255460515592,0.329901955136417,-0.0537304951152833,-0.092646592140506,-0.271887954448326
"tetramer_p5_BC90_CACTTATC","01-004",0.130556911148084,0.000630017240831948,-0.0613554547136484,0.0977001941433585,0.147257165480359,-0.016713339266877,0.0314092312255196
"tetramer_p5_BC84_CATAGTCG","01-004",0.137909749277235,0.0639653711274473,0.153460200815809,-0.0844242220985184,-0.116376095712807,-0.0423308000884343,-0.147492994604149
"tetramer_p5_BC72_CATGGGTT","01-004",0.0725699708081669,-0.123591709154571,-0.206180847701084,0.237553427162414,-0.105735550100299,-0.20393333482722,0.00471056391481467
"tetramer_p5_BC36_CCAGTCCA","01-004",0.126366076823727,-0.139753717469745,0.118612157808165,0.260447552653426,-0.0918086062483976,-0.070146382274614,0.0161360861747216
"tetramer_p5_BC69_CCGAGTAC","01-004",-0.0495300329874999,-0.154390667445479,-0.255670071039811,-0.223771831902928,-0.205657280848531,-0.210266701941341,-0.0297628942063277
"tetramer_p5_BC65_CCGCTCAG","01-004",-0.00915457460219032,0.119264032053622,0.0730602938324503,0.203644381152058,-0.182737352765505,-0.125236469512528,-0.216845025032685
"tetramer_p5_BC82_CGCTTGCT","01-004",-0.066225555208006,-0.0897093751039285,-0.158417390662621,-0.236079215852818,-0.0859254642968724,-0.107463738689757,0.0734537013177031
"tetramer_p5_BC68_CGGAAGTG","01-004",0.0666850143378158,-0.12076899401959,0.0395058551479636,0.197756502033273,-0.132766724996841,0.00421256445740165,-0.321612950478273
"tetramer_p5_BC26_CGGCGTGG","01-004",0.160595530471707,0.00314726584016078,-0.27319222398509,0.193583142770995,-0.0137650166506732,-0.0994758090076047,-0.0814686369968837
"tetramer_p5_BC60_CGGGTGAA","01-004",0.0549717472263225,0.147484375316876,-0.380309906750345,0.10466108260982,0.05053591138057,0.0733996367800535,-0.256259401147469
"tetramer_p5_BC1_CGTCTAAT","01-004",0.149457601155436,0.118499341327957,0.519971815051016,0.355127588479603,-0.102690785034443,-0.0596769843033216,-0.299570796500622
"tetramer_p5_BC50_CTACGCTG","01-004",0.301963525344227,0.036928953848487,-0.310769906198138,0.597366241180155,-0.0685174846266263,-0.142672154725115,-0.0558834011666257
"tetramer_p5_BC48_CTGTCATT","01-004",0.43876928315559,-0.0745092364871593,0.147474536548809,0.727717886958968,-0.0877883892544124,-0.0550157888770689,0.0433829816672491
"tetramer_p5_BC16_CTTTGACA","01-004",0.105740801698248,-0.0757481084772556,0.548861756795002,0.286145939840838,-0.104398794627727,-0.00490794298559682,0.095344139643105
"tetramer_p5_BC93_GAAAGGTG","01-004",0.0290685904247124,0.0015786712008653,-0.0909581438859061,0.245796208819543,-0.145169774067455,-0.00726752490017418,-0.207065181295819
"tetramer_p5_BC54_GAAGACTT","01-004",0.0766650919305781,-0.0028351910412876,-0.449820453534284,0.601485182375513,-0.191912922817488,-0.123947628743598,-0.208561302774898
"tetramer_p5_BC15_GAATGAGT","01-004",0.143717748997089,0.0760792366628164,0.433183044638906,-0.00325660600301325,-0.0962008106967843,-0.214454466602225,0.0951257456815542
"tetramer_p5_BC59_GAGGGTAG","01-004",-0.00425723021871605,0.0396994989942375,-0.349116535504517,0.345839441068591,-0.0487085473229183,-0.0679277607795442,0.0137882399040963
"tetramer_p5_BC18_GAGTCCTG","01-004",0.36903291773927,-0.0957753231047022,-0.0481785451970306,0.492416355708116,-0.00107027720535291,-0.0334387645697218,-0.194553723770053
"tetramer_p5_BC70_GATCTGAG","01-004",-0.0604255908107589,-0.0534601503064392,0.476296042675586,0.0526821231724849,-0.0422462664831924,-0.0255302471356508,-0.121463295025304
"tetramer_p5_BC13_GATGTCGA","01-004",0.102184745712408,-0.155726603281511,-0.30207118411238,0.0391845999499533,-0.0635027849669772,-0.0346268237044227,-0.105592331580645
"tetramer_p5_BC96_GCATTTGG","01-004",-0.0462763969678089,0.0526831996107792,-0.022454650922222,-0.324890783139673,-0.166082684165571,-0.0966699882652006,-0.111473646538145
"tetramer_p5_BC61_GCCATCTT","01-004",0.0367283184239006,-0.0455702421696446,0.573945680708179,0.0165080516931143,0.184212656747215,0.135853612248991,-0.180889326680587
"tetramer_p5_BC21_GGACCTTT","01-004",0.178695606921371,-0.0598507830806441,-0.0581196268925912,-0.0618484169163583,-0.030408553085054,-0.0611790335521415,-0.138139586694578
"tetramer_p5_BC86_GGGACAAC","01-004",0.111511783847315,-0.163996000845813,0.0192378340291837,0.109231667640836,-0.0736700778845031,-0.0953875424207379,0.272787542377049
"tetramer_p5_BC51_GGGATTGT","01-004",0.032701585672369,0.0829559831471072,-0.212721551766444,0.503625632593832,-0.156561755253031,-0.106486740375438,-0.24357114358442
"tetramer_p5_BC67_GTAACTCC","01-004",0.0941314564397266,-0.0231036408522582,-0.289054658759188,-0.0962325088196729,-0.112882724052938,-0.118412891767148,-0.0170814913530365
"tetramer_p5_BC28_GTCATTAG","01-004",0.292764082702955,-0.0150644887322958,-0.0444973863756313,0.374022939679252,-0.252301810909462,-0.181027279614132,0.0726258024036083
"tetramer_p5_BC95_GTCTGCCG","01-004",-0.0293069118646155,-0.0996567274469922,0.416639342160881,0.164196986000998,-0.0859614643140795,-0.130257218491831,0.373850314365798
"tetramer_p5_BC27_GTGCATGA","01-004",0.0923484749600948,-0.0860474697905828,-0.356009653859849,-0.0475661382083912,-0.264202639242868,-0.189415291828852,-0.191828870676141
"tetramer_p5_BC57_GTGTTAGC","01-004",0.108753886304394,-0.0624385557815401,0.196213043304629,0.569606643976726,0.00479466221037411,-0.205853842352721,0.470943593770769
"tetramer_p5_BC20_GTTACAGG","01-004",0.0910230901239441,-0.0622621068475071,-0.0412431015273083,0.0499191237660393,-0.0921939260638151,-0.104998773594149,-0.21088549505741
"tetramer_p5_BC31_GTTGCCAC","01-004",0.325766321404501,0.105097985371943,-0.226419813021942,0.745813099923918,-0.112282995417825,-0.0630533929783993,-0.200517178712726
"tetramer_p5_BC92_TAAGGTCC","01-004",0.0846119749949173,-0.0360197372185302,-0.0504332386558899,0.0672341637992866,-0.0877469037462354,-0.11874748891295,-0.0677849121499288
"tetramer_p5_BC89_TACGCCTC","01-004",0.0605701368533715,0.0811272016876562,0.0433546789326184,-0.05834331588939,-0.07241199989026,0.0168027098775994,-0.0976726172587403
"tetramer_p5_BC11_TACTGGTA","01-004",0.0890128497730659,-0.000880409919359726,0.0567455780077691,0.066303358114861,-0.152958844316157,-0.0732796706074426,-0.129395209372266
"tetramer_p5_BC22_TAGACTAT","01-004",0.335071591166814,-0.135484778556879,0.232081437951059,0.611209063247835,-0.0511835841967773,-0.0216835102961448,-0.202974484444757
"tetramer_p5_BC77_TAGGCGCG","01-004",0.221078695408953,0.260769618051439,1.20820675707389,0.221175574665837,0.230612430583764,0.205023477622689,-0.187070202155245
"tetramer_p5_BC4_TCAACGAC","01-004",0.575269734291561,-0.0174789456869604,-0.094451005891954,0.707109246511135,0.0436867017906703,0.0293872463678502,-0.321124777850397
"tetramer_p5_BC30_TCACCCGA","01-004",-0.0292584354070208,0.025468679896686,0.166103930311209,0.00504371621140548,-0.163968966527534,-0.10795506149884,0.17609866234309
"tetramer_p5_BC74_TCGAACCG","01-004",0.0348226725571398,-0.0400876044824146,-0.283126772183783,-0.0336284177252263,-0.161267530077238,-0.0689714305693255,-0.179484443045198
"tetramer_p5_BC56_TCGCTACA","01-004",0.399565338472952,-0.0327762378960461,0.148711425101544,0.636128855379507,0.120454916660259,-0.0309973390064929,-0.172730687065147
"tetramer_p5_BC63_TCTATGGT","01-004",0.039794011486874,-0.122033624942815,0.000375056468560897,0.115160450921659,-0.229156521762426,-0.202175137173536,0.0216171583319557
"tetramer_p5_BC10_TCTCACAC","01-004",0.258529168757122,-0.043679403507008,0.626561258585262,0.448385177502821,0.136325027145389,-0.0535791319004518,-0.00725877869257474
"tetramer_p5_BC55_TCTGGGCA","01-004",0.10088052126013,0.0167902674207105,0.0557120964267011,-0.209653627107093,-0.0501736826167462,0.076783974421169,0.536929688256642
"tetramer_p5_BC9_TGAATACC","01-004",0.284087880388753,-0.170307458371658,-0.245293812717476,0.530540319104392,0.10459784351657,0.00578376807303371,-0.106399360085899
"tetramer_p5_BC80_TGAGCATA","01-004",-0.0157128468632765,-0.191036694219626,-0.421086594297893,-0.0273515084942295,-0.176866545652028,-0.0858941792808875,-0.0241883710086731
"tetramer_p5_BC52_TGATGTAG","01-004",0.0417526934736945,-0.0797618768953387,0.269390449039179,0.118999277560721,-0.0379719423676466,-0.0615217906218416,-0.0851137599224712
"tetramer_p5_BC62_TGCGACAT","01-004",0.00177882294891107,0.072990359450986,-0.0212109234767996,0.280118981234408,-0.159581798112161,-0.133931136492833,-0.163820215047615
"tetramer_p5_BC7_TGCGTAGG","01-004",0.359371257485974,-0.109980616824059,0.178606536926837,0.46144314224736,0.0335123614615161,-0.0531848748849523,-0.251263279549107
"tetramer_p5_BC25_TGCTCTCA","01-004",0.13672022077323,0.000678634610491585,0.154872766411711,-0.0540848828527283,-0.117572133747481,-0.086026377174076,-0.22461099570152
"tetramer_p5_BC8_TGGAGCTC","01-004",0.340323015314699,-0.0253286786247409,0.00489685096052594,0.276607525943586,-0.108635426554444,-0.0706842701180751,-0.0461084601067023
"tetramer_p5_BC88_TGTTAAGC","01-004",0.197081204342139,-0.017404302318495,0.0546974446489915,0.322021196890685,-0.0528155058430175,0.0276973363261645,-0.204350574609198
"tetramer_p5_BC14_TTACGGGT","01-004",0.214121569105147,-0.00131557027617371,0.0346272809528656,0.258256892124902,-0.0903972142699812,0.0618659614068646,-0.173921175028137
"tetramer_p5_BC81_TTAGACGC","01-004",0.0541940553206924,-0.0980177476544119,-0.0959486978922915,0.0670299180217036,-0.117208905242161,0.0189910196175429,0.294300046118957
"tetramer_p5_BC53_TTCGCTGT","01-004",0.110271073453112,-0.0688346692203889,0.0168354603941638,-0.0446207134740314,-0.243214146732733,-0.1688824227552,-0.305386833289707
"tetramer_p5_BC79_TTTGTGTC","01-004",0.189776719517868,0.0507854807967572,-0.117336332114153,0.175675819158956,-0.147470285278521,-0.0531245398488803,0.091948842046461
"tetramer_p6_BC33_AACGAGGT","01-128",0.084028315326935,-0.101458340414761,-0.333488015670322,-0.122563242093233,-0.202636702703874,-0.109735379311237,-0.180435660114283
"tetramer_p6_BC24_AAGTGGCT","01-128",0.435899124648679,-0.0606655237237307,-0.172842259261113,-0.00862651385763769,-0.00220004975163612,-0.00769695998418302,0.145007983741287
"tetramer_p6_BC41_ACACCGTG","01-128",0.201594963218914,-0.0869226584427011,-0.156647745195598,0.277567344248602,0.0608959493169519,-0.00635439687516823,-0.153508302005122
"tetramer_p6_BC94_ACGTTGTA","01-128",0.0816693199938316,-0.0520011656978443,0.384477163911119,-0.0842251162749155,0.0453633698816855,0.11467797198927,-0.326588534009505
"tetramer_p6_BC66_ACTAGCGA","01-128",0.0371301076127971,-0.00928157649912162,0.179829214113253,-0.0136434121248635,-0.134011665627177,-0.171342512356548,-0.249768191680983
"tetramer_p6_BC23_ACTGTTTG","01-128",0.363588756303482,-0.171464890935779,0.108759636763066,-0.00336968973357599,-0.108001828824785,-0.159194546715901,-0.117887350581909
"tetramer_p6_BC2_AGACTCGT","01-128",0.340429078106363,-0.112019823420936,-0.118802055770713,0.341381579961568,-0.0287233372872659,0.0397642282922055,-0.0783175708115439
"tetramer_p6_BC34_AGCCACCA","01-128",0.0964824258043988,-0.0930961570745798,0.281714281227464,-0.0993603691761329,-0.0662799136965844,-0.0943747533961484,0.046605626981668
"tetramer_p6_BC64_AGGACTTA","01-128",0.132022504764231,0.197371300069344,0.391505843618248,-0.0744273883695921,-0.0518966950620999,-0.0689789841034675,-0.205461583949347
"tetramer_p6_BC46_AGTTGTGT","01-128",0.0940112513798286,-0.0253884362602725,0.0923209868185256,-0.331751364004482,-0.211584938233968,-0.0735546388435976,-0.00464636340059521
"tetramer_p6_BC6_ATACAGAC","01-128",0.377533854279243,-0.135044115903519,-0.141299524502965,0.236343004083129,-0.21938520731029,-0.113254540590581,0.0213801900800345
"tetramer_p6_BC83_ATTGGAGC","01-128",0.0969731738255784,0.0169379908968645,-0.15660643578905,-0.0377062973324743,-0.0952790032485769,-0.0204497205079415,-0.170887272272606
"tetramer_p6_BC90_CACTTATC","01-128",0.134418684379759,-0.0366093452201157,0.450738119988293,-0.0396885923603129,0.0681311295042148,0.0336859179319511,-0.122148073112735
"tetramer_p6_BC72_CATGGGTT","01-128",0.164742087092444,-0.137524406973848,0.108885186693115,-0.13634139058774,0.0682658858392143,0.0827947992462134,-0.0412176214358014
"tetramer_p6_BC69_CCGAGTAC","01-128",0.141284505445894,-0.0793337721128267,-0.209175770786494,-0.162949192216152,-0.119121627063761,-0.0873460971475097,-0.0369032081128179
"tetramer_p6_BC65_CCGCTCAG","01-128",-0.01914169274484,-0.103145450442556,-0.172068400335405,0.162916904756588,-0.0832298527157143,-0.0563135156477017,-0.018861215310929
"tetramer_p6_BC39_CCGGCGTC","01-128",0.00993098862930095,-0.163393903356478,-0.274415168624388,-0.158610968697217,-0.103723682730024,-0.0386849139401656,-0.234042314898994
"tetramer_p6_BC82_CGCTTGCT","01-128",0.0509689539085669,-0.111480506661575,-0.161374725870767,-0.21287460392806,-0.0531128938691516,-0.134853848841275,-0.112290298859147
"tetramer_p6_BC68_CGGAAGTG","01-128",-0.0245516777534774,-0.0871226144982324,0.0494245415110151,-0.128610570116117,-0.00940486278311634,-0.0680793754587825,-0.152789332666267
"tetramer_p6_BC26_CGGCGTGG","01-128",-0.0352683034810658,0.0588294468679767,0.261992042760731,-0.0868222620302868,-0.0638362348213451,0.0615072263164217,-0.218784598806618
"tetramer_p6_BC50_CTACGCTG","01-128",0.136521931942302,-0.01812795895418,-0.320233997369386,-0.0483076901959104,-0.135847763730675,-0.105479867570949,-0.178294251858354
"tetramer_p6_BC93_GAAAGGTG","01-128",0.0900145608507242,0.00569376339549288,0.179878871709416,0.0352120427855982,-0.0368222729593686,-0.0981311832634957,-0.147926490752632
"tetramer_p6_BC96_GCATTTGG","01-128",-0.0683731196693123,0.130834080559897,0.0679363524492894,-0.1939376936048,-0.0102935025880023,-0.0687908693948951,-0.260428459525668
"tetramer_p6_BC61_GCCATCTT","01-128",0.123737889786738,-0.0198427712048102,0.168003920973595,-0.0413279984308329,-0.0849203185996302,-0.0985835113861695,-0.261691336072689
"tetramer_p6_BC86_GGGACAAC","01-128",-0.106462589214627,-0.00479220998668695,-0.322815898515189,-0.0236424986377375,-0.120343147638319,-0.112120586638555,-0.162757495362955
"tetramer_p6_BC51_GGGATTGT","01-128",0.1182205306388,-0.080790942143512,-0.296569203463605,-0.0711932860774668,-0.179769937480339,-0.0982551866036214,-0.0484765861238311
"tetramer_p6_BC38_GGTGGACT","01-128",0.19639492320582,-0.0511836392512274,-0.360218982641024,-0.0896041768635131,-0.162143304464649,-0.109985918944474,-0.0817729609076844
"tetramer_p6_BC67_GTAACTCC","01-128",0.0515934350634331,-0.0063139720219503,-0.0576851350810057,-0.154419061978323,-0.0639812027358412,-0.135341227023308,-0.159116205527404
"tetramer_p6_BC42_GTAGAACG","01-128",0.109718008695419,-0.0742461991951265,-0.351960908702028,-0.213609784235185,-0.116715649573521,-0.0926990346338334,-0.0401497478106443
"tetramer_p6_BC31_GTTGCCAC","01-128",0.051438759790305,-0.0324741249139709,-0.360280039879079,-0.00503643589837194,-0.107828718846348,-0.0196408929319992,-0.159683656157017
"tetramer_p6_BC40_TAACTCCG","01-128",0.044471075903709,0.0923638425613865,0.198437350992933,-0.106161621054111,-0.0509393824352525,-0.102029733777868,-0.22217026298668
"tetramer_p6_BC89_TACGCCTC","01-128",0.121026182428943,-0.0851624327430918,0.0151484363150619,-0.102057068130227,-0.0688338357862877,-0.0566205831554748,-0.227915980990331
"tetramer_p6_BC11_TACTGGTA","01-128",0.155681430601165,-0.0540077542634859,-0.219618668496031,-0.125692918157115,-0.204691337129255,-0.122342365936435,0.170663946148761
"tetramer_p6_BC35_TAGTGAAC","01-128",-0.0425373242114122,-0.0193422724922144,0.232490295210471,-0.172825373343317,-0.179453089931009,-0.15960523302882,-0.203862434959706
"tetramer_p6_BC4_TCAACGAC","01-128",0.299337890594555,-0.0621206412039396,-0.307188479662671,-0.157177146314201,-0.192510405934985,-0.0504795680273814,-0.0503774656578073
"tetramer_p6_BC75_TCCACACT","01-128",0.0930760180485659,-0.148882046360032,0.119036253115674,0.121896654813462,-0.153272592886288,-0.190090352168834,-0.264768207618673
"tetramer_p6_BC74_TCGAACCG","01-128",0.111106652915444,0.0833257349387579,-0.271612174136669,0.0618394563544784,-0.112887051221041,-0.0594411480442586,-0.0444305159338359
"tetramer_p6_BC56_TCGCTACA","01-128",0.0387071806317308,0.0235044077563518,-0.306687661786824,-0.302408044358701,-0.219338563182152,-0.140393498932597,-0.142454191751724
"tetramer_p6_BC10_TCTCACAC","01-128",0.0397009397551062,-0.0679297742803929,0.046976844773549,-0.121226763489356,-0.165820411544776,-0.170872261219521,-0.287751128702867
"tetramer_p6_BC55_TCTGGGCA","01-128",-0.00199109068184117,-0.0836844397208117,-0.145785892554588,-0.199399054690855,-0.00673701675245034,0.027360209340568,0.138772343956476
"tetramer_p6_BC9_TGAATACC","01-128",0.249888880833943,0.0718393945830037,-0.287116016358543,-0.0379482230104876,-0.117234161726839,-0.145318131223063,0.220230609339092
"tetramer_p6_BC80_TGAGCATA","01-128",0.264821535759475,0.00195617461327677,-0.153274304247352,0.04124095858667,-0.0739071367782106,-0.114113094820665,-0.163516615271128
"tetramer_p6_BC25_TGCTCTCA","01-128",0.110880443208218,-0.0574719383518388,0.19731551242455,-0.23098067096713,-0.0456274275866177,-0.0466679988355133,-0.221422130407886
"tetramer_p6_BC8_TGGAGCTC","01-128",0.0425281078011122,-0.0743540395831172,-0.327598027497267,-0.166438664614985,-0.174350257019986,-0.112655543024198,-0.304859680007081
"tetramer_p6_BC88_TGTTAAGC","01-128",0.0150666363392485,-0.0451744092051738,0.102671671026793,-0.264825780769933,-0.0736994351779287,-0.118760969446267,0.1028387103451
"tetramer_p6_BC81_TTAGACGC","01-128",0.0452946201541223,-0.0249212160858624,0.906467579158973,-0.0554876301033197,-0.064417059025896,-0.00418382864568609,-0.135150387353141
"tetramer_p6_BC45_TTCGGAAA","01-128",0.0637906829798893,0.188169076453789,-0.197220527840759,-0.0900034027585111,-0.189316379865467,-0.0506165181556073,-0.0861429605024797
"tetramer_p6_BC79_TTTGTGTC","01-128",-0.0208306631947589,-0.0827371179667087,-0.189727817373578,0.0675597758496789,-0.0836653393260993,-0.0606079074057175,-0.226554648358375
